<powerpagecomponent powerpagecomponentid="c55124cf-b654-4227-83e7-a581ba95a097">
  <content>{
  "filecontent": null,
  "lcid": 1033,
  "entityname": "mrcgvh_campaign",
  "formname": "Portal New",
  "mode": 100000000,
  "onsuccess": 756150001,
  "successmessage": "[{\"LCID\":1033,\"Value\":\"\"}]",
  "hideformonsuccess": true,
  "redirectwebpage": "1d09a775-52f8-6139-f96c-16109a391a9b",
  "redirecturl": null,
  "captcharequired": false,
  "showcaptchaforauthenticatedusers": false,
  "entitypermissionsenabled": true,
  "attachfilelabel": "[{\"LCID\":1033,\"Value\":\"\"}]",
  "attachfilestoragelocation": 756150000,
  "attachfilemaxsize": null,
  "maximumnooffiles": 5,
  "entitysourcetype": null,
  "recordidquerystringparametername": null,
  "copy": "undefined",
  "entityFormMetadatas": [
    "10a47059-de66-4bc1-9863-030d21d24312",
    "2e780f7c-d4c8-4f69-8ac9-6ba3edc7b935",
    "c80ed055-59ab-4cc7-a0e3-7d5c324bd672",
    "10a47059-de66-4bc1-9863-030d21d24312",
    "10a47059-de66-4bc1-9863-030d21d24312"
  ],
  "geolocation_maptype": 756150000,
  "targetentityportaluserlookupattribute": "mrcgvh_portalcontactowner",
  "associatecurrentportaluser": true,
  "redirecturlquerystringname": "id",
  "redirecturlappendentityidquerystring": true
}</content>
  <iscustomizable>1</iscustomizable>
  <name>Campaign Portal New</name>
  <powerpagecomponenttype>15</powerpagecomponenttype>
  <powerpagesiteid>
    <powerpagesiteid>f33b65cb-c6dc-4fb7-bd41-304a80528ec5</powerpagesiteid>
  </powerpagesiteid>
  <statecode>0</statecode>
  <statuscode>1</statuscode>
</powerpagecomponent>