<powerpagecomponent powerpagecomponentid="f149150f-039b-ef11-8a69-7c1e525ae302">
  <content>{"botschemaname":"cr12e_79e1bf33-3eb1-4ffe-b3a2-cab2b332177d","configjson":"{\"skillConfigViewName\":\"Creative Ladder Ranker bot Answers\"}"}</content>
  <iscustomizable>1</iscustomizable>
  <name>Bot Consumer</name>
  <powerpagecomponenttype>27</powerpagecomponenttype>
  <powerpagesiteid>
    <powerpagesiteid>f33b65cb-c6dc-4fb7-bd41-304a80528ec5</powerpagesiteid>
  </powerpagesiteid>
  <statecode>0</statecode>
  <statuscode>1</statuscode>
</powerpagecomponent>