<powerpagecomponent powerpagecomponentid="18846c09-dcd9-4757-a247-cfb7bab7cbc0">
  <content>{"value":"{\"status\":\"enable\",\"selectedThemeId\":\"df88c9ca-e24f-4eca-af9a-880e7b8559a0\",\"siteSettingId\":\"18846c09-dcd9-4757-a247-cfb7bab7cbc0\",\"version\":\"V2\"}"}</content>
  <iscustomizable>1</iscustomizable>
  <name>ThemeFeature</name>
  <powerpagecomponenttype>9</powerpagecomponenttype>
  <powerpagesiteid>
    <powerpagesiteid>f33b65cb-c6dc-4fb7-bd41-304a80528ec5</powerpagesiteid>
  </powerpagesiteid>
  <statecode>0</statecode>
  <statuscode>1</statuscode>
</powerpagecomponent>