<powerpagecomponent powerpagecomponentid="807be7c1-3cf9-ef11-be20-000d3a55d774">
  <content>{
  "partialurl": "creative_ladder.png",
  "excludefromsearch": false,
  "hiddenfromsitemap": false,
  "contentdisposition": 756150000,
  "parentpageid": "82bbf129-e000-0aee-c7da-ca2a0fedf680",
  "publishingstateid": "bd64d8c8-7891-438a-aae6-778a9085930d"
}</content>
  <filecontent mimetype="image/png">creative_ladder.png</filecontent>
  <iscustomizable>1</iscustomizable>
  <name>creative_ladder.png</name>
  <powerpagecomponenttype>3</powerpagecomponenttype>
  <powerpagesiteid>
    <powerpagesiteid>f33b65cb-c6dc-4fb7-bd41-304a80528ec5</powerpagesiteid>
  </powerpagesiteid>
  <statecode>0</statecode>
  <statuscode>1</statuscode>
</powerpagecomponent>