<powerpagecomponent powerpagecomponentid="5e53446c-996c-4925-99d1-e978b1c5db2e">
  <content>{
  "filecontent": null,
  "disablepagevalidation": false,
  "displayimageonly": false,
  "displayorder": 1,
  "displaypagechildlinks": false,
  "openinnewwindow": false,
  "pageid": "1b27d9e9-baac-4073-b740-ded10fdedd82",
  "publishingstateid": "bd64d8c8-7891-438a-aae6-778a9085930d",
  "robotsfollowlink": true,
  "weblinksetid": "77f35997-8c18-4a45-bcd4-74d0b230aee5",
  "copy": "undefined"
}</content>
  <iscustomizable>1</iscustomizable>
  <name>Home</name>
  <powerpagecomponenttype>5</powerpagecomponenttype>
  <powerpagesiteid>
    <powerpagesiteid>f33b65cb-c6dc-4fb7-bd41-304a80528ec5</powerpagesiteid>
  </powerpagesiteid>
  <statecode>0</statecode>
  <statuscode>1</statuscode>
</powerpagecomponent>