<powerpagecomponent powerpagecomponentid="ce999bd1-1f8c-43c9-87ed-e88fe1f2966d">
  <content>{"contentdisposition":756150000,"displayorder":1,"enabletracking":false,"excludefromsearch":true,"hiddenfromsitemap":true,"parentpageid":"1b27d9e9-baac-4073-b740-ded10fdedd82","partialurl":"bootstrap.min.css","publishingstateid":"bd64d8c8-7891-438a-aae6-778a9085930d"}</content>
  <filecontent mimetype="application/octet-stream">bootstrap.min.css</filecontent>
  <iscustomizable>1</iscustomizable>
  <name>bootstrap.min.css</name>
  <powerpagecomponenttype>3</powerpagecomponenttype>
  <powerpagesiteid>
    <powerpagesiteid>f33b65cb-c6dc-4fb7-bd41-304a80528ec5</powerpagesiteid>
  </powerpagesiteid>
  <statecode>0</statecode>
  <statuscode>1</statuscode>
</powerpagecomponent>