<powerpagecomponent powerpagecomponentid="b22aab28-790d-4ebc-aa98-e75bfde06856">
  <content>{
  "filecontent": null,
  "entityname": "PCL Microsoft Entra - All",
  "entitylogicalname": "aaduser",
  "scope": 756150000,
  "append": true,
  "appendto": true,
  "delete": true,
  "read": true,
  "create": true,
  "write": true,
  "parentrelationship": null,
  "parententitypermission": null,
  "contactrelationship": null,
  "accountrelationship": null,
  "childTablePermissions": [],
  "adx_entitypermission_webrole": [
    "3e6799cd-079b-ef11-8a69-7c1e525ae302",
    "3a4c51d6-079b-ef11-8a69-7c1e525ae302",
    "fbc51edf-079b-ef11-8a69-7c1e525ae302"
  ]
}</content>
  <iscustomizable>1</iscustomizable>
  <name>PCL Microsoft Entra - All</name>
  <powerpagecomponenttype>18</powerpagecomponenttype>
  <powerpagesiteid>
    <powerpagesiteid>f33b65cb-c6dc-4fb7-bd41-304a80528ec5</powerpagesiteid>
  </powerpagesiteid>
  <statecode>0</statecode>
  <statuscode>1</statuscode>
</powerpagecomponent>