<powerpagecomponent powerpagecomponentid="dbd26d17-c597-f30b-923e-1f1355a70ccf">
  <content>{
  "filecontent": null,
  "displayorder": 25,
  "pagetemplateid": "8cec361b-45c9-ef11-b8e8-7c1e525ae302",
  "parentpageid": "1b27d9e9-baac-4073-b740-ded10fdedd82",
  "partialurl": "Camp-Asses-New-Multistep",
  "isroot": false,
  "rootwebpageid": "82bbf129-e000-0aee-c7da-ca2a0fedf680",
  "title": "Camp Asses New Multistep",
  "summary": "&lt;p&gt;This is a sample landing page designed to be a starting point for your website&lt;/p&gt;",
  "copy": "&lt;script type=\"text/javascript\"&gt;\n\n   window.addEventListener('load', function() {\n\n  // update any sharepoint links to open the tab in a new window, set the display name to \"View File\"\n  makeBlanks = () =&gt; {\n     Array.from(document.querySelectorAll(\"a\"))\n         .filter((what) =&gt; what.href.includes(\".sharepoint.com/\")) // Fix: use `includes` instead of `contains`\n         .forEach((what) =&gt; {\n             what.setAttribute(\"target\", \"_blank\");\n             // Update the display text with the actual href\n             what.textContent = \"View File\";\n         });\n  };\n  setInterval(makeBlanks, 1000);\n     debugger;\n  function hideAddMyAssessmentButton() {\n  \t// Check if the \"There are no records to display.\" element exists\n  \tconst noRecordsElement = document.querySelector('div[aria-label=\"There are no records to display.\"]');\n\n  \t// Select the \"Add My Assessment\" button container\n  \tconst buttons = document.querySelectorAll('.btn.btn-primary.float-end.action.create-action');\n  \tconst targetButton = Array.from(buttons).find(btn =&gt; btn.textContent.trim() === \"Add My Assessment\");\n\n  \t// If the \"no records\" message does NOT exist, hide the \"Add My Assessment\" button container\n  \tif (!noRecordsElement &amp;&amp; targetButton) {\n  \t\ttargetButton.style.display = \"none\";\n  \t}\n  };\n  hideAddMyAssessmentButton();\n  setInterval(hideAddMyAssessmentButton, 1000);\n\n   });\n&lt;/script&gt;\n&lt;div class=\"row sectionBlockLayout text-start\" style=\"display: flex; flex-wrap: wrap; margin: 0px; min-height: auto; padding: 8px;\"&gt;\n  &lt;div class=\"container\" style=\"display: flex; flex-wrap: wrap;\"&gt;&lt;div class=\"col-lg-12 columnBlockLayout\" style=\"flex-grow: 1; display: flex; flex-direction: column; min-width: 250px; padding: 16px; margin: 60px 0px;\"&gt;{% webform name: 'Campaign Assessment Multistep Form' %}&lt;/div&gt;&lt;/div&gt;\n&lt;/div&gt;\n",
  "publishingstateid": "bd64d8c8-7891-438a-aae6-778a9085930d",
  "enablerating": false,
  "enabletracking": false,
  "excludefromsearch": false,
  "hiddenfromsitemap": true,
  "sharedpageconfiguration": false,
  "feedbackpolicy": 756150000
}</content>
  <iscustomizable>1</iscustomizable>
  <name>Camp Asses New Multistep Page</name>
  <powerpagecomponenttype>2</powerpagecomponenttype>
  <powerpagesiteid>
    <powerpagesiteid>f33b65cb-c6dc-4fb7-bd41-304a80528ec5</powerpagesiteid>
  </powerpagesiteid>
  <powerpagesitelanguageid>
    <powerpagesitelanguageid>6d6b14b9-6818-440b-8372-ef7a4ea533ce</powerpagesitelanguageid>
  </powerpagesitelanguageid>
  <searchcontent>Camp Asses New Multistep&lt;script type="text/javascript"&gt;

   window.addEventListener('load', function() {

  // update any sharepoint links to open the tab in a new window, set the display name to "View File"
  makeBlanks = () =&gt; {
     Array.from(document.querySelectorAll("a"))
         .filter((what) =&gt; what.href.includes(".sharepoint.com/")) // Fix: use `includes` instead of `contains`
         .forEach((what) =&gt; {
             what.setAttribute("target", "_blank");
             // Update the display text with the actual href
             what.textContent = "View File";
         });
  };
  setInterval(makeBlanks, 1000);
     debugger;
  function hideAddMyAssessmentButton() {
  	// Check if the "There are no records to display." element exists
  	const noRecordsElement = document.querySelector('div[aria-label="There are no records to display."]');

  	// Select the "Add My Assessment" button container
  	const buttons = document.querySelectorAll('.btn.btn-primary.float-end.action.create-action');
  	const targetButton = Array.from(buttons).find(btn =&gt; btn.textContent.trim() === "Add My Assessment");

  	// If the "no records" message does NOT exist, hide the "Add My Assessment" button container
  	if (!noRecordsElement &amp;&amp; targetButton) {
  		targetButton.style.display = "none";
  	}
  };
  hideAddMyAssessmentButton();
  setInterval(hideAddMyAssessmentButton, 1000);

   });
&lt;/script&gt;
&lt;div class="row sectionBlockLayout text-start" style="display: flex; flex-wrap: wrap; margin: 0px; min-height: auto; padding: 8px;"&gt;
  &lt;div class="container" style="display: flex; flex-wrap: wrap;"&gt;&lt;div class="col-lg-12 columnBlockLayout" style="flex-grow: 1; display: flex; flex-direction: column; min-width: 250px; padding: 16px; margin: 60px 0px;"&gt;{% webform name: 'Campaign Assessment Multistep Form' %}&lt;/div&gt;&lt;/div&gt;
&lt;/div&gt;
Camp Asses New Multistep Page</searchcontent>
  <statecode>0</statecode>
  <statuscode>1</statuscode>
</powerpagecomponent>