<powerpagecomponent powerpagecomponentid="2067d285-89db-a546-c73e-b01b10121143">
  <content>{
  "displayorder": 26,
  "pagetemplateid": "8cec361b-45c9-ef11-b8e8-7c1e525ae302",
  "parentpageid": "1b27d9e9-baac-4073-b740-ded10fdedd82",
  "partialurl": "Campaign-View-Ranked-By-All",
  "isroot": false,
  "rootwebpageid": "ebc1e018-5e02-e3d4-0f28-ed5c254d8c72",
  "title": "Campaign View Ranked By All",
  "summary": "&lt;p&gt;This is a sample landing page designed to be a starting point for your website&lt;/p&gt;",
  "copy": "&lt;script type=\"text/javascript\"&gt;\n  \n  window.addEventListener('load', function() {\n\n\t// update any sharepoint links to open the tab in a new window, set the display name to \"View File\"\n\tmakeBlanks = () =&gt; {\n    Array.from(document.querySelectorAll(\"a\"))\n        .filter((what) =&gt; what.href.includes(\".sharepoint.com/\")) // Fix: use `includes` instead of `contains`\n        .forEach((what) =&gt; {\n            what.setAttribute(\"target\", \"_blank\");\n            // Update the display text with the actual href\n            what.textContent = \"View File\";\n        });\n\t};\n\t// also repeat every 1 sec if needed\n\tsetInterval(makeBlanks, 1000);\n\n\t// if this is an evaluator and there is an existing evaluation don't allow them to create another, i.e. hide the button\n\t{% fetchxml campaignAssessments %}\n\t\t&lt;fetch&gt;\n\t\t  &lt;entity name=\"mrcgvh_campaignassessment\"&gt;\n\t\t\t&lt;attribute name=\"mrcgvh_portalcontactowner\" /&gt;\n\t\t\t&lt;filter&gt;\n\t\t\t  &lt;condition attribute=\"mrcgvh_portalcontactowner\" operator=\"eq\" value=\"{{user.contactid}}\" /&gt;\n\t\t\t  &lt;condition attribute=\"mrcgvh_campaign\" operator=\"eq\" value=\"{{request.params['id']}}\" /&gt;\n\t\t\t&lt;/filter&gt;\n\t\t  &lt;/entity&gt;\n\t\t&lt;/fetch&gt;\n\t{% endfetchxml %}\n\n  });\n&lt;/script&gt;\n \n&lt;div class=\"row sectionBlockLayout text-start\" style=\"display: flex; flex-wrap: wrap; margin: 0px; min-height: auto; padding: 8px;\"&gt;\n  &lt;div class=\"container\" style=\"display: flex; flex-wrap: wrap;\"&gt;&lt;div class=\"col-lg-12 columnBlockLayout\" style=\"flex-grow: 1; display: flex; flex-direction: column; min-width: 250px; padding: 16px; margin: 60px 0px;\"&gt;{% entityform name: 'Campaign Portal View Ranked By All' %}&lt;/div&gt;&lt;/div&gt;\n&lt;/div&gt;",
  "publishingstateid": "bd64d8c8-7891-438a-aae6-778a9085930d",
  "enablerating": false,
  "enabletracking": false,
  "excludefromsearch": false,
  "hiddenfromsitemap": true,
  "sharedpageconfiguration": false,
  "feedbackpolicy": 756150000
}</content>
  <iscustomizable>1</iscustomizable>
  <name>Campaign View Ranked By All</name>
  <powerpagecomponenttype>2</powerpagecomponenttype>
  <powerpagesiteid>
    <powerpagesiteid>f33b65cb-c6dc-4fb7-bd41-304a80528ec5</powerpagesiteid>
  </powerpagesiteid>
  <powerpagesitelanguageid>
    <powerpagesitelanguageid>6d6b14b9-6818-440b-8372-ef7a4ea533ce</powerpagesitelanguageid>
  </powerpagesitelanguageid>
  <searchcontent>Campaign View Ranked By All&lt;script type="text/javascript"&gt;
  
  window.addEventListener('load', function() {

	// update any sharepoint links to open the tab in a new window, set the display name to "View File"
	makeBlanks = () =&gt; {
    Array.from(document.querySelectorAll("a"))
        .filter((what) =&gt; what.href.includes(".sharepoint.com/")) // Fix: use `includes` instead of `contains`
        .forEach((what) =&gt; {
            what.setAttribute("target", "_blank");
            // Update the display text with the actual href
            what.textContent = "View File";
        });
	};
	// also repeat every 1 sec if needed
	setInterval(makeBlanks, 1000);

	// if this is an evaluator and there is an existing evaluation don't allow them to create another, i.e. hide the button
	{% fetchxml campaignAssessments %}
		&lt;fetch&gt;
		  &lt;entity name="mrcgvh_campaignassessment"&gt;
			&lt;attribute name="mrcgvh_portalcontactowner" /&gt;
			&lt;filter&gt;
			  &lt;condition attribute="mrcgvh_portalcontactowner" operator="eq" value="{{user.contactid}}" /&gt;
			  &lt;condition attribute="mrcgvh_campaign" operator="eq" value="{{request.params['id']}}" /&gt;
			&lt;/filter&gt;
		  &lt;/entity&gt;
		&lt;/fetch&gt;
	{% endfetchxml %}

  });
&lt;/script&gt;
 
&lt;div class="row sectionBlockLayout text-start" style="display: flex; flex-wrap: wrap; margin: 0px; min-height: auto; padding: 8px;"&gt;
  &lt;div class="container" style="display: flex; flex-wrap: wrap;"&gt;&lt;div class="col-lg-12 columnBlockLayout" style="flex-grow: 1; display: flex; flex-direction: column; min-width: 250px; padding: 16px; margin: 60px 0px;"&gt;{% entityform name: 'Campaign Portal View Ranked By All' %}&lt;/div&gt;&lt;/div&gt;
&lt;/div&gt;Campaign View Ranked By All</searchcontent>
  <statecode>0</statecode>
  <statuscode>1</statuscode>
</powerpagecomponent>