<powerpagecomponent powerpagecomponentid="1b27d9e9-baac-4073-b740-ded10fdedd82">
  <content>{
  "filecontent": null,
  "displayorder": 1,
  "enablerating": false,
  "enabletracking": false,
  "excludefromsearch": false,
  "feedbackpolicy": 756150005,
  "hiddenfromsitemap": false,
  "isroot": true,
  "pagetemplateid": "7bfe39f8-6842-4fb5-8e19-757ef861f186",
  "partialurl": "/",
  "publishingstateid": "bd64d8c8-7891-438a-aae6-778a9085930d",
  "sharedpageconfiguration": false,
  "title": "Home",
  "parentpageid": null,
  "copy": "undefined"
}</content>
  <iscustomizable>1</iscustomizable>
  <name>Home</name>
  <powerpagecomponenttype>2</powerpagecomponenttype>
  <powerpagesiteid>
    <powerpagesiteid>f33b65cb-c6dc-4fb7-bd41-304a80528ec5</powerpagesiteid>
  </powerpagesiteid>
  <searchcontent>HomeundefinedHome</searchcontent>
  <statecode>0</statecode>
  <statuscode>1</statuscode>
</powerpagecomponent>