<powerpagecomponent powerpagecomponentid="0d655404-164d-0a73-a1f6-025514a24ab9">
  <content>{
  "filecontent": null,
  "displayorder": 13,
  "pagetemplateid": "39561674-59a4-ef11-8a69-7c1e525ae302",
  "parentpageid": "1b27d9e9-baac-4073-b740-ded10fdedd82",
  "partialurl": "Exec-Asset-Edit",
  "isroot": false,
  "rootwebpageid": "f1ddfc27-b8c3-7dec-0c68-90262e33cfe9",
  "title": "Exec Asset Edit",
  "summary": "&lt;p&gt;This is a sample landing page designed to be a starting point for your website&lt;/p&gt;",
  "copy": "&lt;script&gt;\n  document.addEventListener(\"DOMContentLoaded\", function() {\n    // remove the header\n    // Select the div by its classes\n    var navbarDiv = document.querySelector(\".navbar-expand-xl.navbar.navbar-dark.static-top\");\n    // If it exists on the page, hide it\n    if (navbarDiv) {\n      navbarDiv.style.display = \"none\";\n    };\n    // remove the \"Upload\" header\n    // Select the h2 element by its class\n    var uploadHeading = document.querySelector(\"h2.tab-title\");\n    // If the heading exists and its text contains \"Upload\", hide it\n    if (uploadHeading &amp;&amp; uploadHeading.textContent.includes(\"Upload\")) {\n      uploadHeading.style.display = \"none\";\n    };\n    // remove the footer\n    // Select the footer by its tag, class, and data-attribute\n    var footerElement = document.querySelector(\"footer.footer[data-component-theme='portalThemeColor5']\");\n    // If it exists on the page, hide it\n    if (footerElement) {\n      footerElement.style.display = \"none\";\n    };\n    // remove the \"Overwrite\" option for uploading files\n    // Find the input by its name attribute\n    var overwriteInput = document.querySelector('input[name=\"overwrite\"]');\n    // If the input exists, find its parent label\n    if (overwriteInput) {\n      var overwriteLabel = overwriteInput.closest('label');\n      // If the label exists, hide it\n      if (overwriteLabel) {\n        overwriteLabel.style.display = \"none\";\n      }\n    };\n    // remove the \"New Folder\" button from file upload\n    // Select the link by its classes\n    var newFolderLink = document.querySelector(\"a.add-folder.btn.btn-info.action\");\n    // If it exists on the page, hide it\n    if (newFolderLink) {\n      newFolderLink.style.display = \"none\";\n    };\n\n  });\n&lt;/script&gt;\n\n&lt;div class=\"row sectionBlockLayout text-start\" style=\"display: flex; flex-wrap: wrap; margin: 0px; min-height: auto; padding: 8px;\"&gt;\n  &lt;div class=\"container\" style=\"display: flex; flex-wrap: wrap;\"&gt;&lt;div class=\"col-lg-12 columnBlockLayout\" style=\"flex-grow: 1; display: flex; flex-direction: column; min-width: 250px; padding: 16px; margin: 60px 0px;\"&gt;{% entityform name: 'Execution Asset Portal Edit' %}&lt;/div&gt;&lt;/div&gt;\n&lt;/div&gt;",
  "publishingstateid": "bd64d8c8-7891-438a-aae6-778a9085930d",
  "enablerating": false,
  "enabletracking": false,
  "excludefromsearch": false,
  "hiddenfromsitemap": true,
  "sharedpageconfiguration": false,
  "feedbackpolicy": 756150000
}</content>
  <iscustomizable>1</iscustomizable>
  <name>Exec Asset Edit</name>
  <powerpagecomponenttype>2</powerpagecomponenttype>
  <powerpagesiteid>
    <powerpagesiteid>f33b65cb-c6dc-4fb7-bd41-304a80528ec5</powerpagesiteid>
  </powerpagesiteid>
  <powerpagesitelanguageid>
    <powerpagesitelanguageid>6d6b14b9-6818-440b-8372-ef7a4ea533ce</powerpagesitelanguageid>
  </powerpagesitelanguageid>
  <searchcontent>Exec Asset Edit&lt;script&gt;
  document.addEventListener("DOMContentLoaded", function() {
    // remove the header
    // Select the div by its classes
    var navbarDiv = document.querySelector(".navbar-expand-xl.navbar.navbar-dark.static-top");
    // If it exists on the page, hide it
    if (navbarDiv) {
      navbarDiv.style.display = "none";
    };
    // remove the "Upload" header
    // Select the h2 element by its class
    var uploadHeading = document.querySelector("h2.tab-title");
    // If the heading exists and its text contains "Upload", hide it
    if (uploadHeading &amp;&amp; uploadHeading.textContent.includes("Upload")) {
      uploadHeading.style.display = "none";
    };
    // remove the footer
    // Select the footer by its tag, class, and data-attribute
    var footerElement = document.querySelector("footer.footer[data-component-theme='portalThemeColor5']");
    // If it exists on the page, hide it
    if (footerElement) {
      footerElement.style.display = "none";
    };
    // remove the "Overwrite" option for uploading files
    // Find the input by its name attribute
    var overwriteInput = document.querySelector('input[name="overwrite"]');
    // If the input exists, find its parent label
    if (overwriteInput) {
      var overwriteLabel = overwriteInput.closest('label');
      // If the label exists, hide it
      if (overwriteLabel) {
        overwriteLabel.style.display = "none";
      }
    };
    // remove the "New Folder" button from file upload
    // Select the link by its classes
    var newFolderLink = document.querySelector("a.add-folder.btn.btn-info.action");
    // If it exists on the page, hide it
    if (newFolderLink) {
      newFolderLink.style.display = "none";
    };

  });
&lt;/script&gt;

&lt;div class="row sectionBlockLayout text-start" style="display: flex; flex-wrap: wrap; margin: 0px; min-height: auto; padding: 8px;"&gt;
  &lt;div class="container" style="display: flex; flex-wrap: wrap;"&gt;&lt;div class="col-lg-12 columnBlockLayout" style="flex-grow: 1; display: flex; flex-direction: column; min-width: 250px; padding: 16px; margin: 60px 0px;"&gt;{% entityform name: 'Execution Asset Portal Edit' %}&lt;/div&gt;&lt;/div&gt;
&lt;/div&gt;Exec Asset Edit</searchcontent>
  <statecode>0</statecode>
  <statuscode>1</statuscode>
</powerpagecomponent>