<powerpagecomponent powerpagecomponentid="fff6ea66-d9c4-46b3-a1a3-da71c84ab8d7">
  <content>{
  "entityname": "PCL Ada Order Id Camp Applicant",
  "entitylogicalname": "mrcgvh_adatestid",
  "scope": 756150000,
  "append": true,
  "appendto": true,
  "delete": false,
  "read": true,
  "create": true,
  "write": true,
  "parentrelationship": null,
  "parententitypermission": null,
  "contactrelationship": null,
  "accountrelationship": null,
  "childTablePermissions": [],
  "adx_entitypermission_webrole": [
    "3e6799cd-079b-ef11-8a69-7c1e525ae302",
    "3a4c51d6-079b-ef11-8a69-7c1e525ae302"
  ]
}</content>
  <iscustomizable>1</iscustomizable>
  <name>PCL Ada Order Id Camp Applicant</name>
  <powerpagecomponenttype>18</powerpagecomponenttype>
  <powerpagesiteid>
    <powerpagesiteid>f33b65cb-c6dc-4fb7-bd41-304a80528ec5</powerpagesiteid>
  </powerpagesiteid>
  <statecode>0</statecode>
  <statuscode>1</statuscode>
</powerpagecomponent>