<powerpagecomponent powerpagecomponentid="002079b1-829a-360e-1a67-8dadaf5029fd">
  <content>{
  "displayorder": 24,
  "customcss": "",
  "customjavascript": "",
  "pagetemplateid": "8cec361b-45c9-ef11-b8e8-7c1e525ae302",
  "parentpageid": "1b27d9e9-baac-4073-b740-ded10fdedd82",
  "partialurl": "Camp-Eval-Multistep-Portal-deleted",
  "isroot": true,
  "title": "Camp Eval Multistep Portal",
  "summary": "&lt;p&gt;This is a sample landing page designed to be a starting point for your website&lt;/p&gt;",
  "copy": "",
  "publishingstateid": "bd64d8c8-7891-438a-aae6-778a9085930d",
  "enablerating": false,
  "enabletracking": false,
  "excludefromsearch": false,
  "hiddenfromsitemap": true,
  "sharedpageconfiguration": false
}</content>
  <iscustomizable>1</iscustomizable>
  <name>Camp Eval Multistep Portal-deleted</name>
  <powerpagecomponenttype>2</powerpagecomponenttype>
  <powerpagesiteid>
    <powerpagesiteid>f33b65cb-c6dc-4fb7-bd41-304a80528ec5</powerpagesiteid>
  </powerpagesiteid>
  <searchcontent>Camp Eval Multistep PortalCamp Eval Multistep Portal-deleted</searchcontent>
  <statecode>1</statecode>
  <statuscode>2</statuscode>
</powerpagecomponent>