<powerpagecomponent powerpagecomponentid="2fd47e22-7ef5-4fdd-a72a-7660354cf562">
  <content>{
  "filecontent": null,
  "lcid": 1033,
  "entityname": "account",
  "formname": "Sector Portal View",
  "mode": 100000002,
  "onsuccess": "756150000",
  "successmessage": "[{\"LCID\":1033,\"Value\":\"\"}]",
  "hideformonsuccess": true,
  "redirectwebpage": null,
  "redirecturl": null,
  "captcharequired": false,
  "showcaptchaforauthenticatedusers": false,
  "entitypermissionsenabled": true,
  "attachfilelabel": "[{\"LCID\":1033,\"Value\":\"\"}]",
  "attachfilestoragelocation": 756150000,
  "attachfilemaxsize": null,
  "maximumnooffiles": 5,
  "containername": "",
  "storageaccountname": "",
  "entitysourcetype": "756150001",
  "recordidquerystringparametername": "id",
  "copy": "undefined",
  "entityFormMetadatas": []
}</content>
  <iscustomizable>1</iscustomizable>
  <name>Sector Portal Form</name>
  <powerpagecomponenttype>15</powerpagecomponenttype>
  <powerpagesiteid>
    <powerpagesiteid>f33b65cb-c6dc-4fb7-bd41-304a80528ec5</powerpagesiteid>
  </powerpagesiteid>
  <statecode>0</statecode>
  <statuscode>1</statuscode>
</powerpagecomponent>