<powerpagecomponent powerpagecomponentid="4b4d28f5-51a5-ef11-8a69-7c1e525ae302">
  <content>{
  "validationregularexpressionerrormessage": "[{\"LCID\":1033,\"Value\":\"Invalid Order ID. Five digits are required! Example: 01234\"}]",
  "validationregularexpression": "^\\d{6}$",
  "attributelogicalname": "mrcgvh_name",
  "type": 100000000,
  "fieldisrequired": false,
  "useattributedescriptionproperty": true,
  "descriptionposition": 100000000,
  "adddescription": false,
  "setvalueonsave": false,
  "ignoredefaultvalue": false,
  "randomizeoptionsetvalues": false,
  "entityform": "025786df-3c15-4b83-a2ef-a92cb564afd3",
  "entityformforcreate": "025786df-3c15-4b83-a2ef-a92cb564afd3"
}</content>
  <iscustomizable>1</iscustomizable>
  <name>Ada Order ID Portal Edit mrcgvh_name</name>
  <powerpagecomponenttype>16</powerpagecomponenttype>
  <powerpagesiteid>
    <powerpagesiteid>f33b65cb-c6dc-4fb7-bd41-304a80528ec5</powerpagesiteid>
  </powerpagesiteid>
  <statecode>0</statecode>
  <statuscode>1</statuscode>
</powerpagecomponent>