<powerpagecomponent powerpagecomponentid="23fa4b05-3d44-4211-835c-baf4dde46b74">
  <content>{
  "filecontent": null,
  "label": "[{\"LCID\":1033,\"Value\":\"Creative Ladder Rating\"}]",
  "fieldisrequired": true,
  "requiredfieldvalidationerrormessage": "[{\"LCID\":1033,\"Value\":\"\"}]",
  "useCustomErrorMessage": false,
  "adddescription": false,
  "descriptionposition": 100000000,
  "description": "[{\"LCID\":1033,\"Value\":\"\"}]",
  "validationMode": "",
  "validationSimple": {},
  "controlstyle": 756150001,
  "addPrePopulate": false,
  "attributelogicalname": "mrcgvh_creativeladderrating",
  "entityFormId": "9b8f1f5f-1349-445f-8559-9e09a978abd1",
  "lcid": 1033,
  "isPCFComponent": false,
  "fieldType": "PicklistType",
  "useattributedescriptionproperty": false,
  "telemetryData": {
    "fieldType": "PicklistType",
    "formId": "9b8f1f5f-1349-445f-8559-9e09a978abd1",
    "isPrePopulateEnabled": false
  },
  "type": 100000000,
  "webformstep": "5e1607ac-80e2-ef11-a730-7c1e52182fb0",
  "validationregularexpression": "",
  "validationregularexpressionerrormessage": ""
}</content>
  <iscustomizable>1</iscustomizable>
  <name>Step 2: Assess Campaign mrcgvh_creativeladderrating</name>
  <powerpagecomponenttype>21</powerpagecomponenttype>
  <powerpagesiteid>
    <powerpagesiteid>f33b65cb-c6dc-4fb7-bd41-304a80528ec5</powerpagesiteid>
  </powerpagesiteid>
  <statecode>0</statecode>
  <statuscode>1</statuscode>
</powerpagecomponent>