<powerpagecomponent powerpagecomponentid="f098b822-bde2-415e-a267-b22507a1028b">
  <content>{"disablepagevalidation":false,"displayimageonly":false,"displayorder":1,"displaypagechildlinks":false,"openinnewwindow":false,"pageid":"dee1d0db-c17b-43cb-8ec8-9316436bc282","parentweblinkid":"f773a219-352a-4264-892d-8b1b381bc15f","publishingstateid":"bd64d8c8-7891-438a-aae6-778a9085930d","robotsfollowlink":true,"weblinksetid":"f3e3ebd5-cf32-4e43-af96-9922a78ea17b"}</content>
  <iscustomizable>1</iscustomizable>
  <name>Subpage one</name>
  <powerpagecomponenttype>5</powerpagecomponenttype>
  <powerpagesiteid>
    <powerpagesiteid>f33b65cb-c6dc-4fb7-bd41-304a80528ec5</powerpagesiteid>
  </powerpagesiteid>
  <statecode>0</statecode>
  <statuscode>1</statuscode>
</powerpagecomponent>