<powerpagecomponent powerpagecomponentid="4e11011b-4acd-ef11-b8e8-7c1e525ae302">
  <content>{
  "attributelogicalname": "mrcgvh_didyoutestdigital",
  "type": 100000000,
  "fieldisrequired": false,
  "useattributedescriptionproperty": true,
  "descriptionposition": 100000000,
  "adddescription": false,
  "setvalueonsave": false,
  "ignoredefaultvalue": false,
  "randomizeoptionsetvalues": false,
  "entityform": "c55124cf-b654-4227-83e7-a581ba95a097",
  "entityformforcreate": "c55124cf-b654-4227-83e7-a581ba95a097",
  "controlstyle": 756150001
}</content>
  <iscustomizable>1</iscustomizable>
  <name>Campaign Portal New mrcgvh_didyoutestdigital</name>
  <powerpagecomponenttype>16</powerpagecomponenttype>
  <powerpagesiteid>
    <powerpagesiteid>f33b65cb-c6dc-4fb7-bd41-304a80528ec5</powerpagesiteid>
  </powerpagesiteid>
  <statecode>0</statecode>
  <statuscode>1</statuscode>
</powerpagecomponent>