<powerpagecomponent powerpagecomponentid="15da7f89-3b6f-4aa0-a127-8a9d3eeb3cba">
  <content>{"contentdisposition":756150000,"enabletracking":false,"excludefromsearch":false,"hiddenfromsitemap":false,"parentpageid":"1b27d9e9-baac-4073-b740-ded10fdedd82","partialurl":"Copy number 1.png","publishingstateid":"bd64d8c8-7891-438a-aae6-778a9085930d"}</content>
  <filecontent mimetype="application/octet-stream">Copy number 1.png</filecontent>
  <iscustomizable>1</iscustomizable>
  <name>Copy number 1.png</name>
  <powerpagecomponenttype>3</powerpagecomponenttype>
  <powerpagesiteid>
    <powerpagesiteid>f33b65cb-c6dc-4fb7-bd41-304a80528ec5</powerpagesiteid>
  </powerpagesiteid>
  <statecode>0</statecode>
  <statuscode>1</statuscode>
</powerpagecomponent>