<powerpagecomponent powerpagecomponentid="ee487fea-fadd-4388-b33c-b86ab9dab668">
  <content>{
  "filecontent": null,
  "disablepagevalidation": false,
  "displayimageonly": false,
  "displayorder": 2,
  "displaypagechildlinks": false,
  "openinnewwindow": false,
  "pageid": "cb296e87-14fa-4504-8996-e0e591fddb36",
  "publishingstateid": "bd64d8c8-7891-438a-aae6-778a9085930d",
  "robotsfollowlink": true,
  "weblinksetid": "77f35997-8c18-4a45-bcd4-74d0b230aee5",
  "copy": "undefined"
}</content>
  <iscustomizable>1</iscustomizable>
  <name>Sample Page</name>
  <powerpagecomponenttype>5</powerpagecomponenttype>
  <powerpagesiteid>
    <powerpagesiteid>f33b65cb-c6dc-4fb7-bd41-304a80528ec5</powerpagesiteid>
  </powerpagesiteid>
  <statecode>0</statecode>
  <statuscode>1</statuscode>
</powerpagecomponent>