<powerpagecomponent powerpagecomponentid="cadf0507-2ffe-837c-5aac-8d6b94072440">
  <content>{
  "displayorder": 27,
  "pagetemplateid": "7bfe39f8-6842-4fb5-8e19-757ef861f186",
  "parentpageid": "1b27d9e9-baac-4073-b740-ded10fdedd82",
  "partialurl": "Browse-All-Campaigns-Assess",
  "isroot": true,
  "title": "Browse All Campaigns Assess",
  "summary": "&lt;p&gt;This is a sample landing page designed to be a starting point for your website&lt;/p&gt;",
  "publishingstateid": "bd64d8c8-7891-438a-aae6-778a9085930d",
  "enablerating": false,
  "enabletracking": false,
  "excludefromsearch": false,
  "hiddenfromsitemap": true,
  "sharedpageconfiguration": false,
  "feedbackpolicy": 756150000
}</content>
  <iscustomizable>1</iscustomizable>
  <name>Browse All Campaigns Assess</name>
  <powerpagecomponenttype>2</powerpagecomponenttype>
  <powerpagesiteid>
    <powerpagesiteid>f33b65cb-c6dc-4fb7-bd41-304a80528ec5</powerpagesiteid>
  </powerpagesiteid>
  <searchcontent>Browse All Campaigns AssessBrowse All Campaigns Assess</searchcontent>
  <statecode>0</statecode>
  <statuscode>1</statuscode>
</powerpagecomponent>