<powerpagecomponent powerpagecomponentid="56fd8f94-78f5-473f-a4e4-94150df6854e">
  <content>{
  "entityname": "PCL Campaign Asses. - Applicant",
  "entitylogicalname": "mrcgvh_campaignassessment",
  "scope": 756150001,
  "append": false,
  "appendto": false,
  "delete": false,
  "read": true,
  "create": false,
  "write": false,
  "parentrelationship": null,
  "parententitypermission": null,
  "contactrelationship": "mrcgvh_campaignassessment_PortalContactOwner_contact",
  "accountrelationship": null,
  "childTablePermissions": [],
  "adx_entitypermission_webrole": [
    "3a4c51d6-079b-ef11-8a69-7c1e525ae302"
  ]
}</content>
  <iscustomizable>1</iscustomizable>
  <name>PCL Campaign Asses. - Applicant</name>
  <powerpagecomponenttype>18</powerpagecomponenttype>
  <powerpagesiteid>
    <powerpagesiteid>f33b65cb-c6dc-4fb7-bd41-304a80528ec5</powerpagesiteid>
  </powerpagesiteid>
  <statecode>0</statecode>
  <statuscode>1</statuscode>
</powerpagecomponent>