<powerpagecomponent powerpagecomponentid="fe16c8e6-b5d9-ef11-a730-7c1e521a5bc4">
  <content>{
  "attributelogicalname": "mrcgvh_didyoutestdigital",
  "controlstyle": 756150001,
  "purchasecreateinvoiceonpayment": false,
  "purchasefulfillorderonpayment": false,
  "purchaserequiresshipping": false,
  "fieldisrequired": false,
  "useattributedescriptionproperty": false,
  "descriptionposition": 100000000,
  "adddescription": false,
  "setvalueonsave": false,
  "ignoredefaultvalue": false,
  "randomizeoptionsetvalues": false,
  "type": 100000000,
  "webformstep": "3fec963e-6cd3-ef11-8ee9-000d3a1d3326"
}</content>
  <iscustomizable>1</iscustomizable>
  <name>Step 4: Preview mrcgvh_didyoutestdigital</name>
  <powerpagecomponenttype>21</powerpagecomponenttype>
  <powerpagesiteid>
    <powerpagesiteid>f33b65cb-c6dc-4fb7-bd41-304a80528ec5</powerpagesiteid>
  </powerpagesiteid>
  <statecode>0</statecode>
  <statuscode>1</statuscode>
</powerpagecomponent>