<powerpagecomponent powerpagecomponentid="a56f7d6c-7fa1-537e-c0bf-7cbf77ccdc02">
  <content>{
  "displayorder": 7,
  "customcss": "",
  "customjavascript": "",
  "pagetemplateid": "7bfe39f8-6842-4fb5-8e19-757ef861f186",
  "parentpageid": "1b27d9e9-baac-4073-b740-ded10fdedd82",
  "partialurl": "Campaign-Documents",
  "isroot": false,
  "rootwebpageid": "0ad0e16c-a8a5-36dd-2066-56ca315ba2b8",
  "title": "Campaign Documents",
  "summary": "&lt;p&gt;This is a sample landing page designed to be a starting point for your website&lt;/p&gt;",
  "copy": "&lt;div class=\"row sectionBlockLayout text-start\" style=\"min-height: auto; padding: 8px;\"&gt;\n    &lt;div class=\"container\" style=\"display: flex; flex-wrap: wrap;\"&gt;\n      &lt;div class=\"col-lg-12 columnBlockLayout\" style=\"padding: 16px; margin: 60px 0px; min-height: 200px;\"&gt;&lt;/div&gt;\n    &lt;/div&gt;\n  &lt;/div&gt;\n  ",
  "publishingstateid": "bd64d8c8-7891-438a-aae6-778a9085930d",
  "enablerating": false,
  "enabletracking": false,
  "excludefromsearch": false,
  "hiddenfromsitemap": true,
  "sharedpageconfiguration": false
}</content>
  <iscustomizable>1</iscustomizable>
  <name>Campaign Documents</name>
  <powerpagecomponenttype>2</powerpagecomponenttype>
  <powerpagesiteid>
    <powerpagesiteid>f33b65cb-c6dc-4fb7-bd41-304a80528ec5</powerpagesiteid>
  </powerpagesiteid>
  <powerpagesitelanguageid>
    <powerpagesitelanguageid>6d6b14b9-6818-440b-8372-ef7a4ea533ce</powerpagesitelanguageid>
  </powerpagesitelanguageid>
  <searchcontent>Campaign Documents&lt;div class="row sectionBlockLayout text-start" style="min-height: auto; padding: 8px;"&gt;
    &lt;div class="container" style="display: flex; flex-wrap: wrap;"&gt;
      &lt;div class="col-lg-12 columnBlockLayout" style="padding: 16px; margin: 60px 0px; min-height: 200px;"&gt;&lt;/div&gt;
    &lt;/div&gt;
  &lt;/div&gt;
  Campaign Documents</searchcontent>
  <statecode>0</statecode>
  <statuscode>1</statuscode>
</powerpagecomponent>