<powerpagecomponent powerpagecomponentid="a3ab966b-d4b9-4519-9bed-1184ec1518ea">
  <content>{"filecontent":null,"copy":"&lt;div class=\"row sectionBlockLayout text-start\" style=\"display: flex; flex-wrap: wrap; margin: 0px; min-height: auto; padding: 8px;\"&gt;\n  &lt;div class=\"container\" style=\"padding: 0px; display: flex; flex-wrap: wrap;\"&gt;\n    &lt;div class=\"col-lg-6 columnBlockLayout\" style=\"flex-grow: 1; display: flex; flex-direction: column; min-width: 250px;\"&gt;\n      &lt;p&gt;\n        &lt;table style=\"border: none; border-collapse: collapse;\"&gt;&lt;tr&gt;\n          &lt;td&gt;Browse Campaigns&lt;/td&gt;\n          &lt;td&gt;&lt;a href=\"/Browse-All-Campaigns/\"&gt;&amp;nbsp;&amp;nbsp;&amp;nbsp;&amp;nbsp;&amp;nbsp;Browse All Campaigns&lt;/a&gt;&lt;/td&gt;\n          &lt;/tr&gt;&lt;/table&gt;\n      &lt;/p&gt;\n      {% include 'entity_list' key: 'Browsing Short - Portal List' %}\n    &lt;/div&gt;\n\n    &lt;div class=\"col-lg-6 columnBlockLayout\" style=\"flex-grow: 1; display: flex; flex-direction: column; min-width: 250px;\"&gt;\n      \n      {% assign is_applicant = user | has_role: 'PCL Campaign Applicants' %} \n      {% if is_applicant %}\n        &lt;p&gt;\n          &lt;table style=\"border: none; border-collapse: collapse;\"&gt;&lt;tr&gt;\n            &lt;td&gt;My Campaigns&lt;/td&gt;\n            &lt;td&gt;&lt;a href=\"/All-My-Campaigns/\"&gt;&amp;nbsp;&amp;nbsp;&amp;nbsp;&amp;nbsp;&amp;nbsp;View All My Campaigns&lt;/a&gt;&lt;/td&gt;\n            &lt;/tr&gt;&lt;/table&gt;\n        &lt;/p&gt;\n        {% include 'entity_list' key: 'Applicants Campaigns Short Portal List' %} \n      {% endif %} \n      \n\n      {% assign is_evaluator = user | has_role: 'PCL Campaign Evaluators' %} \n      {% if is_evaluator %}\n        &lt;p&gt;\n          &lt;table style=\"border: none; border-collapse: collapse;\"&gt;&lt;tr&gt;\n            &lt;td&gt;My Campaigns for Evaluations&lt;/td&gt;\n            &lt;td&gt;&lt;a href=\"/All-My-Assessments/\"&gt;&amp;nbsp;&amp;nbsp;&amp;nbsp;&amp;nbsp;&amp;nbsp;View All My Campaigns for Evaluation&lt;/a&gt;&lt;/td&gt;\n            &lt;/tr&gt;&lt;/table&gt;\n        &lt;/p&gt;\n        {% include 'entity_list' key: 'Evaluator Campaigns Short - Portal List' %}\n      {% endif %}\n\n    &lt;/div&gt;\n  &lt;/div&gt;\n&lt;/div&gt;\n","displayorder":1,"enablerating":false,"enabletracking":false,"excludefromsearch":false,"feedbackpolicy":756150005,"hiddenfromsitemap":false,"isroot":false,"pagetemplateid":"8cec361b-45c9-ef11-b8e8-7c1e525ae302","partialurl":"/","publishingstateid":"bd64d8c8-7891-438a-aae6-778a9085930d","rootwebpageid":"1b27d9e9-baac-4073-b740-ded10fdedd82","sharedpageconfiguration":false,"summary":"&lt;p&gt;This is a sample landing page for you to start creating your website.&lt;/p&gt;","title":"Home","parentpageid":null}</content>
  <iscustomizable>1</iscustomizable>
  <name>Home</name>
  <powerpagecomponenttype>2</powerpagecomponenttype>
  <powerpagesiteid>
    <powerpagesiteid>f33b65cb-c6dc-4fb7-bd41-304a80528ec5</powerpagesiteid>
  </powerpagesiteid>
  <powerpagesitelanguageid>
    <powerpagesitelanguageid>6d6b14b9-6818-440b-8372-ef7a4ea533ce</powerpagesitelanguageid>
  </powerpagesitelanguageid>
  <searchcontent>Home&lt;div class="row sectionBlockLayout text-start" style="display: flex; flex-wrap: wrap; margin: 0px; min-height: auto; padding: 8px;"&gt;
  &lt;div class="container" style="padding: 0px; display: flex; flex-wrap: wrap;"&gt;
    &lt;div class="col-lg-6 columnBlockLayout" style="flex-grow: 1; display: flex; flex-direction: column; min-width: 250px;"&gt;
      &lt;p&gt;
        &lt;table style="border: none; border-collapse: collapse;"&gt;&lt;tr&gt;
          &lt;td&gt;Browse Campaigns&lt;/td&gt;
          &lt;td&gt;&lt;a href="/Browse-All-Campaigns/"&gt;&amp;nbsp;&amp;nbsp;&amp;nbsp;&amp;nbsp;&amp;nbsp;Browse All Campaigns&lt;/a&gt;&lt;/td&gt;
          &lt;/tr&gt;&lt;/table&gt;
      &lt;/p&gt;
      {% include 'entity_list' key: 'Browsing Short - Portal List' %}
    &lt;/div&gt;

    &lt;div class="col-lg-6 columnBlockLayout" style="flex-grow: 1; display: flex; flex-direction: column; min-width: 250px;"&gt;
      
      {% assign is_applicant = user | has_role: 'PCL Campaign Applicants' %} 
      {% if is_applicant %}
        &lt;p&gt;
          &lt;table style="border: none; border-collapse: collapse;"&gt;&lt;tr&gt;
            &lt;td&gt;My Campaigns&lt;/td&gt;
            &lt;td&gt;&lt;a href="/All-My-Campaigns/"&gt;&amp;nbsp;&amp;nbsp;&amp;nbsp;&amp;nbsp;&amp;nbsp;View All My Campaigns&lt;/a&gt;&lt;/td&gt;
            &lt;/tr&gt;&lt;/table&gt;
        &lt;/p&gt;
        {% include 'entity_list' key: 'Applicants Campaigns Short Portal List' %} 
      {% endif %} 
      

      {% assign is_evaluator = user | has_role: 'PCL Campaign Evaluators' %} 
      {% if is_evaluator %}
        &lt;p&gt;
          &lt;table style="border: none; border-collapse: collapse;"&gt;&lt;tr&gt;
            &lt;td&gt;My Campaigns for Evaluations&lt;/td&gt;
            &lt;td&gt;&lt;a href="/All-My-Assessments/"&gt;&amp;nbsp;&amp;nbsp;&amp;nbsp;&amp;nbsp;&amp;nbsp;View All My Campaigns for Evaluation&lt;/a&gt;&lt;/td&gt;
            &lt;/tr&gt;&lt;/table&gt;
        &lt;/p&gt;
        {% include 'entity_list' key: 'Evaluator Campaigns Short - Portal List' %}
      {% endif %}

    &lt;/div&gt;
  &lt;/div&gt;
&lt;/div&gt;
Home</searchcontent>
  <statecode>0</statecode>
  <statuscode>1</statuscode>
</powerpagecomponent>