<powerpagecomponent powerpagecomponentid="b31725b8-e348-5007-9f02-9d3b6af6de35">
  <content>{"displayorder":4,"customcss":"","customjavascript":"","pagetemplateid":"7bfe39f8-6842-4fb5-8e19-757ef861f186","parentpageid":"1b27d9e9-baac-4073-b740-ded10fdedd82","partialurl":"Campaign-New","isroot":false,"rootwebpageid":"9e14b070-fe7e-1255-3706-52bd62d21407","title":"Campaign New","summary":"&lt;p&gt;This is a sample landing page designed to be a starting point for your website&lt;/p&gt;","copy":"&lt;script type=\"text/javascript\"&gt;\n\n    document.addEventListener(\"DOMContentLoaded\", function () {\n        // Replace 'yourTextareaID' with the actual ID of your textarea component\n        var textarea = document.getElementById(\"mrcgvh_background\");\n        if (textarea) {\n            textarea.setAttribute(\"placeholder\", \"e.g. Doritos is the number one snack brand for gamers worldwide, which is a privilege. But there's a problem: our much-loved crunch disrupts and annoys other games subjected to the noise through their microphones.\"); \n        };\n        var textarea = document.getElementById(\"mrcgvh_objectives\");\n        if (textarea) {\n            textarea.setAttribute(\"placeholder\", \"e.g. Doritos is the number one snack brand for gamers worldwide, which is a privilege. But there's a problem: our much-loved crunch disrupts and annoys other games subjected to the noise through their microphones.\");\n        };\n        var textarea = document.getElementById(\"mrcgvh_insightstoinspireandculturalcontext\");\n        if (textarea) {\n            textarea.setAttribute(\"placeholder\", \"e.g. Goal: Drive Doritos consumption during gaming occasions and increase brand awareness among games and beyond. JBTD: Get Gamers to Eat Doritos while Gaming by silencing the disruptive Doritos crunch.\");\n        };\n        var textarea = document.getElementById(\"mrcgvh_solution\");\n        if (textarea) {\n            textarea.setAttribute(\"placeholder\", \"e.g. Introducing Doritos Silent - the worlds first AI-augmented snack that removes every Doritos crunch from every game. A 360-degree campaign was launched to build up the intrigue. Then we launched and AI-based app that removes the crunch and ran another wave of the 360-degree campaign to promote it.\");\n        };\n        var textarea = document.getElementById(\"mrcgvh_results\");\n        if (textarea) {\n            textarea.setAttribute(\"placeholder\", \"e.g. - 3.2bn earned reach, our biggest global Doritos gaming campaign ever.\\n- +250 pieces of coverage, +76% uplift in on-target brand impressions, +200K organic social engagements.\\n- +$50m sales grown\");\n        };\n    });\n\n&lt;/script&gt;\n\n\n&lt;div class=\"row sectionBlockLayout text-start\" style=\"display: flex; flex-wrap: wrap; margin: 0px; min-height: auto; padding: 8px;\"&gt;\n  &lt;div class=\"container\" style=\"display: flex; flex-wrap: wrap;\"&gt;&lt;div class=\"col-lg-12 columnBlockLayout\" style=\"flex-grow: 1; display: flex; flex-direction: column; min-width: 250px; padding: 16px; margin: 60px 0px;\"&gt;{% entityform name: 'Campaign Portal New' %}&lt;/div&gt;&lt;/div&gt;\n&lt;/div&gt;\n","publishingstateid":"bd64d8c8-7891-438a-aae6-778a9085930d","enablerating":false,"enabletracking":false,"excludefromsearch":false,"hiddenfromsitemap":true,"sharedpageconfiguration":false}</content>
  <iscustomizable>1</iscustomizable>
  <name>Campaign New</name>
  <powerpagecomponenttype>2</powerpagecomponenttype>
  <powerpagesiteid>
    <powerpagesiteid>f33b65cb-c6dc-4fb7-bd41-304a80528ec5</powerpagesiteid>
  </powerpagesiteid>
  <powerpagesitelanguageid>
    <powerpagesitelanguageid>6d6b14b9-6818-440b-8372-ef7a4ea533ce</powerpagesitelanguageid>
  </powerpagesitelanguageid>
  <searchcontent>Campaign New&lt;script type="text/javascript"&gt;

    document.addEventListener("DOMContentLoaded", function () {
        // Replace 'yourTextareaID' with the actual ID of your textarea component
        var textarea = document.getElementById("mrcgvh_background");
        if (textarea) {
            textarea.setAttribute("placeholder", "e.g. Doritos is the number one snack brand for gamers worldwide, which is a privilege. But there's a problem: our much-loved crunch disrupts and annoys other games subjected to the noise through their microphones."); 
        };
        var textarea = document.getElementById("mrcgvh_objectives");
        if (textarea) {
            textarea.setAttribute("placeholder", "e.g. Doritos is the number one snack brand for gamers worldwide, which is a privilege. But there's a problem: our much-loved crunch disrupts and annoys other games subjected to the noise through their microphones.");
        };
        var textarea = document.getElementById("mrcgvh_insightstoinspireandculturalcontext");
        if (textarea) {
            textarea.setAttribute("placeholder", "e.g. Goal: Drive Doritos consumption during gaming occasions and increase brand awareness among games and beyond. JBTD: Get Gamers to Eat Doritos while Gaming by silencing the disruptive Doritos crunch.");
        };
        var textarea = document.getElementById("mrcgvh_solution");
        if (textarea) {
            textarea.setAttribute("placeholder", "e.g. Introducing Doritos Silent - the worlds first AI-augmented snack that removes every Doritos crunch from every game. A 360-degree campaign was launched to build up the intrigue. Then we launched and AI-based app that removes the crunch and ran another wave of the 360-degree campaign to promote it.");
        };
        var textarea = document.getElementById("mrcgvh_results");
        if (textarea) {
            textarea.setAttribute("placeholder", "e.g. - 3.2bn earned reach, our biggest global Doritos gaming campaign ever.\n- +250 pieces of coverage, +76% uplift in on-target brand impressions, +200K organic social engagements.\n- +$50m sales grown");
        };
    });

&lt;/script&gt;


&lt;div class="row sectionBlockLayout text-start" style="display: flex; flex-wrap: wrap; margin: 0px; min-height: auto; padding: 8px;"&gt;
  &lt;div class="container" style="display: flex; flex-wrap: wrap;"&gt;&lt;div class="col-lg-12 columnBlockLayout" style="flex-grow: 1; display: flex; flex-direction: column; min-width: 250px; padding: 16px; margin: 60px 0px;"&gt;{% entityform name: 'Campaign Portal New' %}&lt;/div&gt;&lt;/div&gt;
&lt;/div&gt;
Campaign New</searchcontent>
  <statecode>0</statecode>
  <statuscode>1</statuscode>
</powerpagecomponent>