<powerpagecomponent powerpagecomponentid="9f331550-48b4-4b59-8314-ac3b47e8a702">
  <content>{
  "filecontent": null,
  "copy": "&lt;div class=\"row sectionBlockLayout text-start\" style=\"display: flex; flex-wrap: wrap; margin: 0px; min-height: auto; padding: 8px;\"&gt;\n  &lt;div class=\"container\" style=\"padding: 0px; display: flex; flex-wrap: wrap;\"&gt;&lt;div class=\"col-lg-12 columnBlockLayout\" style=\"flex-grow: 1; display: flex; flex-direction: column; min-width: 250px;\"&gt;&lt;/div&gt;&lt;/div&gt;\n&lt;/div&gt;\n&lt;div class=\"row sectionBlockLayout text-start\" style=\"display: flex; flex-wrap: wrap; margin: 0px; min-height: auto; padding: 8px;\"&gt;\n  &lt;div class=\"container\" style=\"display: flex; flex-wrap: wrap;\"&gt;\n    &lt;div class=\"col-lg-12 columnBlockLayout\" style=\"flex-grow: 1; display: flex; flex-direction: column; min-width: 300px; padding: 16px; margin: 60px 0px;\"&gt;\n      &lt;h1 class=\"siteTitle\"&gt;Pages&amp;nbsp;&lt;/h1&gt;\n      &lt;p&gt;This section can be used to introduce the contents of the subpages and encourage your target audience to explore those pages. If this content gets too long, consider splitting it into two, smaller paragraphs.&lt;/p&gt;\n    &lt;/div&gt;\n  &lt;/div&gt;\n&lt;/div&gt;\n&lt;div class=\"row sectionBlockLayout text-start\" style=\"display: flex; flex-wrap: wrap; margin: 0px; min-height: auto; padding: 8px;\"&gt;\n  &lt;div class=\"container\" style=\"padding: 0px; display: flex; flex-wrap: wrap; column-gap: 0px;\"&gt;\n    &lt;div class=\"col-lg-6 columnBlockLayout\" style=\"flex-grow: 1; display: flex; flex-direction: column; min-width: 300px; margin: 60px 0px; padding: 16px; width: calc(50% + 0px);\"&gt;\n      &lt;img src=\"/Copy number 1.png\" alt=\"Image showing number one\" name=\"Copy number 1.png\" style=\"width: 38%; height: 135%; max-width: 100%; margin-left: 0; margin-right: auto;\" /&gt;\n      &lt;h3&gt;Featured Item 1&amp;nbsp;&lt;/h3&gt;\n      &lt;p style=\"text-align: left;\"&gt;Create a short description or engaging message to motivate your audience to find out more about this item.&amp;nbsp;&lt;/p&gt;\n    &lt;/div&gt;\n    &lt;div class=\"col-lg-6 columnBlockLayout\" style=\"flex-grow: 1; display: flex; flex-direction: column; min-width: 300px; margin: 60px 0px; padding: 16px; width: calc(50% + 0px);\"&gt;\n      &lt;img src=\"/Copy number 2.png\" alt=\"Image showing number two\" name=\"Copy number 2.png\" style=\"width: 38%; height: 135%; max-width: 100%; margin-left: 0; margin-right: auto;\" /&gt;\n      &lt;h3&gt;Featured Item 2&lt;/h3&gt;\n      &lt;p style=\"text-align: left;\"&gt;Create a short description or engaging message to motivate your audience to find out more about this item.&amp;nbsp;&lt;/p&gt;\n    &lt;/div&gt;\n  &lt;/div&gt;\n&lt;/div&gt;\n&lt;div data-component-theme=\"portalThemeColor3\" class=\"row sectionBlockLayout text-start\" style=\"display: flex; flex-wrap: wrap; margin: 0px; min-height: auto; padding: 8px;\"&gt;\n  &lt;div class=\"container\" style=\"padding: 0px; display: flex; flex-wrap: wrap;\"&gt;\n    &lt;div class=\"col-lg-12 columnBlockLayout\" style=\"flex-grow: 1; display: flex; flex-direction: column; min-width: 300px; margin: 174.63px 0px; padding: 16px;\"&gt;\n      &lt;h2 style=\"text-align: center;\"&gt;Introduce another idea&amp;nbsp;&lt;/h2&gt;\n      &lt;p style=\"text-align: center;\"&gt;This section can be used to offer supporting information or introduce a new idea. It’s best to keep it relevant to the contents of the page so it doesn’t feel out of place. Common topics include a summary of your organization’s mission, people, or an upcoming event with links to provide more information. &amp;nbsp;&lt;/p&gt;\n    &lt;/div&gt;\n  &lt;/div&gt;\n&lt;/div&gt;\n",
  "displayorder": 2,
  "enablerating": false,
  "enabletracking": false,
  "excludefromsearch": false,
  "feedbackpolicy": 756150000,
  "hiddenfromsitemap": false,
  "isroot": false,
  "pagetemplateid": "7bfe39f8-6842-4fb5-8e19-757ef861f186",
  "parentpageid": "1b27d9e9-baac-4073-b740-ded10fdedd82",
  "partialurl": "page",
  "publishingstateid": "bd64d8c8-7891-438a-aae6-778a9085930d",
  "rootwebpageid": "cb296e87-14fa-4504-8996-e0e591fddb36",
  "sharedpageconfiguration": true,
  "summary": "&lt;p&gt;This is a sample landing page designed to be a starting point for your website&lt;/p&gt;",
  "title": "Pages"
}</content>
  <iscustomizable>1</iscustomizable>
  <name>Sample Page</name>
  <powerpagecomponenttype>2</powerpagecomponenttype>
  <powerpagesiteid>
    <powerpagesiteid>f33b65cb-c6dc-4fb7-bd41-304a80528ec5</powerpagesiteid>
  </powerpagesiteid>
  <powerpagesitelanguageid>
    <powerpagesitelanguageid>6d6b14b9-6818-440b-8372-ef7a4ea533ce</powerpagesitelanguageid>
  </powerpagesitelanguageid>
  <searchcontent>Pages&lt;div class="row sectionBlockLayout text-start" style="display: flex; flex-wrap: wrap; margin: 0px; min-height: auto; padding: 8px;"&gt;
  &lt;div class="container" style="padding: 0px; display: flex; flex-wrap: wrap;"&gt;&lt;div class="col-lg-12 columnBlockLayout" style="flex-grow: 1; display: flex; flex-direction: column; min-width: 250px;"&gt;&lt;/div&gt;&lt;/div&gt;
&lt;/div&gt;
&lt;div class="row sectionBlockLayout text-start" style="display: flex; flex-wrap: wrap; margin: 0px; min-height: auto; padding: 8px;"&gt;
  &lt;div class="container" style="display: flex; flex-wrap: wrap;"&gt;
    &lt;div class="col-lg-12 columnBlockLayout" style="flex-grow: 1; display: flex; flex-direction: column; min-width: 300px; padding: 16px; margin: 60px 0px;"&gt;
      &lt;h1 class="siteTitle"&gt;Pages&amp;nbsp;&lt;/h1&gt;
      &lt;p&gt;This section can be used to introduce the contents of the subpages and encourage your target audience to explore those pages. If this content gets too long, consider splitting it into two, smaller paragraphs.&lt;/p&gt;
    &lt;/div&gt;
  &lt;/div&gt;
&lt;/div&gt;
&lt;div class="row sectionBlockLayout text-start" style="display: flex; flex-wrap: wrap; margin: 0px; min-height: auto; padding: 8px;"&gt;
  &lt;div class="container" style="padding: 0px; display: flex; flex-wrap: wrap; column-gap: 0px;"&gt;
    &lt;div class="col-lg-6 columnBlockLayout" style="flex-grow: 1; display: flex; flex-direction: column; min-width: 300px; margin: 60px 0px; padding: 16px; width: calc(50% + 0px);"&gt;
      &lt;img src="/Copy number 1.png" alt="Image showing number one" name="Copy number 1.png" style="width: 38%; height: 135%; max-width: 100%; margin-left: 0; margin-right: auto;" /&gt;
      &lt;h3&gt;Featured Item 1&amp;nbsp;&lt;/h3&gt;
      &lt;p style="text-align: left;"&gt;Create a short description or engaging message to motivate your audience to find out more about this item.&amp;nbsp;&lt;/p&gt;
    &lt;/div&gt;
    &lt;div class="col-lg-6 columnBlockLayout" style="flex-grow: 1; display: flex; flex-direction: column; min-width: 300px; margin: 60px 0px; padding: 16px; width: calc(50% + 0px);"&gt;
      &lt;img src="/Copy number 2.png" alt="Image showing number two" name="Copy number 2.png" style="width: 38%; height: 135%; max-width: 100%; margin-left: 0; margin-right: auto;" /&gt;
      &lt;h3&gt;Featured Item 2&lt;/h3&gt;
      &lt;p style="text-align: left;"&gt;Create a short description or engaging message to motivate your audience to find out more about this item.&amp;nbsp;&lt;/p&gt;
    &lt;/div&gt;
  &lt;/div&gt;
&lt;/div&gt;
&lt;div data-component-theme="portalThemeColor3" class="row sectionBlockLayout text-start" style="display: flex; flex-wrap: wrap; margin: 0px; min-height: auto; padding: 8px;"&gt;
  &lt;div class="container" style="padding: 0px; display: flex; flex-wrap: wrap;"&gt;
    &lt;div class="col-lg-12 columnBlockLayout" style="flex-grow: 1; display: flex; flex-direction: column; min-width: 300px; margin: 174.63px 0px; padding: 16px;"&gt;
      &lt;h2 style="text-align: center;"&gt;Introduce another idea&amp;nbsp;&lt;/h2&gt;
      &lt;p style="text-align: center;"&gt;This section can be used to offer supporting information or introduce a new idea. It’s best to keep it relevant to the contents of the page so it doesn’t feel out of place. Common topics include a summary of your organization’s mission, people, or an upcoming event with links to provide more information. &amp;nbsp;&lt;/p&gt;
    &lt;/div&gt;
  &lt;/div&gt;
&lt;/div&gt;
Sample Page</searchcontent>
  <statecode>0</statecode>
  <statuscode>1</statuscode>
</powerpagecomponent>