<powerpagecomponent powerpagecomponentid="45ac4849-24e7-41bf-84aa-cebd936ed086">
  <content>{
  "controlstyle": 756150001,
  "attributelogicalname": "mrcgvh_submitted",
  "entityform": "dbb792a0-1975-45c4-b2a5-fc3625401998",
  "isPCFComponent": true,
  "telemetryData": {
    "fieldType": "CustomControl",
    "formId": "dbb792a0-1975-45c4-b2a5-fc3625401998",
    "customControl": "Enabled"
  },
  "type": 100000000,
  "useattributedescriptionproperty": false,
  "copy": "undefined"
}</content>
  <iscustomizable>1</iscustomizable>
  <name>Campaign Portal Edit mrcgvh_submitted</name>
  <powerpagecomponenttype>16</powerpagecomponenttype>
  <powerpagesiteid>
    <powerpagesiteid>f33b65cb-c6dc-4fb7-bd41-304a80528ec5</powerpagesiteid>
  </powerpagesiteid>
  <statecode>0</statecode>
  <statuscode>1</statuscode>
</powerpagecomponent>