<powerpagecomponent powerpagecomponentid="2a869d28-aa65-4ba1-af46-07c2cf2d657b">
  <content>{
  "entityname": "PCL Sectors - Admins",
  "entitylogicalname": "account",
  "scope": 756150000,
  "append": true,
  "appendto": true,
  "delete": false,
  "read": true,
  "create": false,
  "write": true,
  "parentrelationship": null,
  "parententitypermission": null,
  "contactrelationship": null,
  "accountrelationship": null,
  "childTablePermissions": [],
  "adx_entitypermission_webrole": [
    "3e6799cd-079b-ef11-8a69-7c1e525ae302"
  ]
}</content>
  <iscustomizable>1</iscustomizable>
  <name>PCL Sectors - Admins</name>
  <powerpagecomponenttype>18</powerpagecomponenttype>
  <powerpagesiteid>
    <powerpagesiteid>f33b65cb-c6dc-4fb7-bd41-304a80528ec5</powerpagesiteid>
  </powerpagesiteid>
  <statecode>0</statecode>
  <statuscode>1</statuscode>
</powerpagecomponent>