<powerpagecomponent powerpagecomponentid="635a03f2-ef21-4e81-aaf0-3606e46969ab">
  <content>{
  "lcid": 1033,
  "entityname": "mrcgvh_adatestid",
  "formname": "Portal New",
  "mode": 100000000,
  "onsuccess": "756150000",
  "successmessage": "",
  "hideformonsuccess": true,
  "redirectwebpage": null,
  "redirecturl": null,
  "captcharequired": false,
  "showcaptchaforauthenticatedusers": false,
  "entitypermissionsenabled": true,
  "attachfilelabel": "",
  "attachfilestoragelocation": 756150000,
  "attachfilemaxsize": null,
  "maximumnooffiles": 5,
  "containername": "",
  "storageaccountname": "",
  "entitysourcetype": null,
  "recordidquerystringparametername": null,
  "copy": "undefined"
}</content>
  <iscustomizable>1</iscustomizable>
  <name>Ada Order ID Portal New</name>
  <powerpagecomponenttype>15</powerpagecomponenttype>
  <powerpagesiteid>
    <powerpagesiteid>f33b65cb-c6dc-4fb7-bd41-304a80528ec5</powerpagesiteid>
  </powerpagesiteid>
  <statecode>0</statecode>
  <statuscode>1</statuscode>
</powerpagecomponent>