<powerpagecomponent powerpagecomponentid="c46ff01a-4bee-9d8c-ee55-8a6370d18e4f">
  <content>{
  "webpageid": "1b27d9e9-baac-4073-b740-ded10fdedd82",
  "right": 2,
  "scope": 2,
  "adx_webpageaccesscontrolrule_webrole": [
    "3e6799cd-079b-ef11-8a69-7c1e525ae302",
    "3a4c51d6-079b-ef11-8a69-7c1e525ae302",
    "fbc51edf-079b-ef11-8a69-7c1e525ae302"
  ],
  "copy": "undefined"
}</content>
  <iscustomizable>1</iscustomizable>
  <name>Restrict Read on Home</name>
  <powerpagecomponenttype>10</powerpagecomponenttype>
  <powerpagesiteid>
    <powerpagesiteid>f33b65cb-c6dc-4fb7-bd41-304a80528ec5</powerpagesiteid>
  </powerpagesiteid>
  <statecode>0</statecode>
  <statuscode>1</statuscode>
</powerpagecomponent>