<powerpagecomponent powerpagecomponentid="4c2aeeca-7061-4df0-8753-4d5f83ee1881">
  <content>{"disablepagevalidation":false,"displayimageonly":false,"displayorder":2,"displaypagechildlinks":false,"openinnewwindow":false,"pageid":"329e3c2d-af82-4fe8-bbaf-8c6b5622223f","parentweblinkid":"f773a219-352a-4264-892d-8b1b381bc15f","publishingstateid":"bd64d8c8-7891-438a-aae6-778a9085930d","robotsfollowlink":true,"weblinksetid":"f3e3ebd5-cf32-4e43-af96-9922a78ea17b"}</content>
  <iscustomizable>1</iscustomizable>
  <name>Subpage two</name>
  <powerpagecomponenttype>5</powerpagecomponenttype>
  <powerpagesiteid>
    <powerpagesiteid>f33b65cb-c6dc-4fb7-bd41-304a80528ec5</powerpagesiteid>
  </powerpagesiteid>
  <statecode>0</statecode>
  <statuscode>1</statuscode>
</powerpagecomponent>