<powerpagecomponent powerpagecomponentid="e8861bac-f2bd-4503-afaf-a33f635d376b">
  <content>{"display_name":"Profile Navigation"}</content>
  <iscustomizable>1</iscustomizable>
  <name>Profile Navigation</name>
  <powerpagecomponenttype>4</powerpagecomponenttype>
  <powerpagesiteid>
    <powerpagesiteid>f33b65cb-c6dc-4fb7-bd41-304a80528ec5</powerpagesiteid>
  </powerpagesiteid>
  <powerpagesitelanguageid>
    <powerpagesitelanguageid>6d6b14b9-6818-440b-8372-ef7a4ea533ce</powerpagesitelanguageid>
  </powerpagesitelanguageid>
  <statecode>0</statecode>
  <statuscode>1</statuscode>
</powerpagecomponent>