<powerpagesites>
  <powerpagesite powerpagesiteid="f33b65cb-c6dc-4fb7-bd41-304a80528ec5">
    <content>{"defaultlanguage":"6d6b14b9-6818-440b-8372-ef7a4ea533ce","footerwebtemplateid":"32a9c54c-13d1-47e8-b131-aff049df64e7","headerwebtemplateid":"a962afb1-3e3d-42b1-9de5-13b7230b2f04","statecode":0,"statuscode":1,"website_language":1033,"defaultbotconsumerid":"f149150f-039b-ef11-8a69-7c1e525ae302"}</content>
    <datamodelversion>2.0</datamodelversion>
    <iscustomizable>1</iscustomizable>
    <name>Creative Ladder Ranker - site-qhmwq</name>
    <primarydomainname>site-qhmwq.powerappsportals.com</primarydomainname>
    <statecode>0</statecode>
    <statuscode>1</statuscode>
  </powerpagesite>
</powerpagesites>