<powerpagecomponent powerpagecomponentid="794c8b9f-13d5-4e21-913f-f697aca8b5b8">
  <content>{
  "entityname": "PCL Execution Assets - Applicatns",
  "entitylogicalname": "mrcgvh_executionasset",
  "scope": 756150001,
  "append": true,
  "appendto": true,
  "delete": true,
  "read": true,
  "create": true,
  "write": true,
  "parentrelationship": null,
  "parententitypermission": null,
  "contactrelationship": "mrcgvh_executionasset_PortalContactOwner_contact",
  "accountrelationship": null,
  "childTablePermissions": [],
  "adx_entitypermission_webrole": [
    "3a4c51d6-079b-ef11-8a69-7c1e525ae302"
  ]
}</content>
  <iscustomizable>1</iscustomizable>
  <name>PCL Execution Assets - Applicatns</name>
  <powerpagecomponenttype>18</powerpagecomponenttype>
  <powerpagesiteid>
    <powerpagesiteid>f33b65cb-c6dc-4fb7-bd41-304a80528ec5</powerpagesiteid>
  </powerpagesiteid>
  <statecode>0</statecode>
  <statuscode>1</statuscode>
</powerpagecomponent>