<powerpagecomponent powerpagecomponentid="e8f0bf54-774e-e2a8-846e-00d7009b8d08">
  <content>{
  "displayorder": 15,
  "pagetemplateid": "7bfe39f8-6842-4fb5-8e19-757ef861f186",
  "parentpageid": "1b27d9e9-baac-4073-b740-ded10fdedd82",
  "partialurl": "Campaign-View",
  "isroot": true,
  "title": "Campaign View",
  "summary": "&lt;p&gt;This is a sample landing page designed to be a starting point for your website&lt;/p&gt;",
  "publishingstateid": "bd64d8c8-7891-438a-aae6-778a9085930d",
  "enablerating": false,
  "enabletracking": false,
  "excludefromsearch": false,
  "hiddenfromsitemap": true,
  "sharedpageconfiguration": false,
  "feedbackpolicy": 756150000
}</content>
  <iscustomizable>1</iscustomizable>
  <name>Campaign View</name>
  <powerpagecomponenttype>2</powerpagecomponenttype>
  <powerpagesiteid>
    <powerpagesiteid>f33b65cb-c6dc-4fb7-bd41-304a80528ec5</powerpagesiteid>
  </powerpagesiteid>
  <searchcontent>Campaign ViewCampaign View</searchcontent>
  <statecode>0</statecode>
  <statuscode>1</statuscode>
</powerpagecomponent>