<powerpagecomponent powerpagecomponentid="8c6a7d27-ec55-46cb-9197-0dadb068eeaf">
  <content>{"contentdisposition":756150000,"enabletracking":false,"excludefromsearch":false,"hiddenfromsitemap":false,"parentpageid":"1b27d9e9-baac-4073-b740-ded10fdedd82","partialurl":"Picture 1.png","publishingstateid":"bd64d8c8-7891-438a-aae6-778a9085930d"}</content>
  <filecontent mimetype="application/octet-stream">Picture 1.png</filecontent>
  <iscustomizable>1</iscustomizable>
  <name>Picture 1.png</name>
  <powerpagecomponenttype>3</powerpagecomponenttype>
  <powerpagesiteid>
    <powerpagesiteid>f33b65cb-c6dc-4fb7-bd41-304a80528ec5</powerpagesiteid>
  </powerpagesiteid>
  <statecode>0</statecode>
  <statuscode>1</statuscode>
</powerpagecomponent>