<powerpagecomponent powerpagecomponentid="50cecd38-ec34-4132-89aa-5bcc250949e5">
  <content>{
  "filecontent": null,
  "label": "[{\"LCID\":1033,\"Value\":\"Id\"}]",
  "fieldisrequired": true,
  "requiredfieldvalidationerrormessage": "[{\"LCID\":1033,\"Value\":\"Make sure your Id is exactly 6 digits.\"}]",
  "useCustomErrorMessage": true,
  "adddescription": true,
  "descriptionposition": 100000000,
  "description": "[{\"LCID\":1033,\"Value\":\"Must be exactly 6 digits.\"}]",
  "validationMode": "regex",
  "validationregularexpression": "^\\d{6}$",
  "validationSimple": {
    "maxCharCount": "",
    "isRequired": false
  },
  "controlstyle": null,
  "addPrePopulate": false,
  "attributelogicalname": "mrcgvh_id",
  "entityform": "378eeabf-1b02-49eb-af75-6d2875c259ea",
  "lcid": 1033,
  "validationregularexpressionerrormessage": "[{\"LCID\":1033,\"Value\":\"\"}]",
  "isPCFComponent": false,
  "fieldType": "StringType",
  "useattributedescriptionproperty": false,
  "telemetryData": {
    "fieldType": "StringType",
    "formId": "378eeabf-1b02-49eb-af75-6d2875c259ea",
    "isPrePopulateEnabled": false
  },
  "type": 100000000
}</content>
  <iscustomizable>1</iscustomizable>
  <name>Ada Order Id Digital New mrcgvh_id</name>
  <powerpagecomponenttype>16</powerpagecomponenttype>
  <powerpagesiteid>
    <powerpagesiteid>f33b65cb-c6dc-4fb7-bd41-304a80528ec5</powerpagesiteid>
  </powerpagesiteid>
  <statecode>0</statecode>
  <statuscode>1</statuscode>
</powerpagecomponent>