<powerpagecomponent powerpagecomponentid="f3e3ebd5-cf32-4e43-af96-9922a78ea17b">
  <content>{"display_name":"Primary Navigation","publishingstateid":"bd64d8c8-7891-438a-aae6-778a9085930d"}</content>
  <iscustomizable>1</iscustomizable>
  <name>Primary Navigation</name>
  <powerpagecomponenttype>4</powerpagecomponenttype>
  <powerpagesiteid>
    <powerpagesiteid>f33b65cb-c6dc-4fb7-bd41-304a80528ec5</powerpagesiteid>
  </powerpagesiteid>
  <powerpagesitelanguageid>
    <powerpagesitelanguageid>6d6b14b9-6818-440b-8372-ef7a4ea533ce</powerpagesitelanguageid>
  </powerpagesitelanguageid>
  <statecode>0</statecode>
  <statuscode>1</statuscode>
</powerpagecomponent>