<powerpagecomponent powerpagecomponentid="01131d10-9de2-ef11-a730-7c1e52182fb0">
  <content>{
  "geolocation_displaymap": false,
  "geolocation_enabled": false,
  "createautonumber": false,
  "loguser": false,
  "attachfilerestrictaccept": false,
  "attachfilerequired": false,
  "allowmultiplefiles": false,
  "attachfile": false,
  "redirecturlappendentityidquerystring": false,
  "appendquerystring": false,
  "referenceentityshowreadonlyform": false,
  "referencequerystringisprimarykey": true,
  "referenceentitysourcetype": 100000001,
  "populatereferenceentitylookupfield": false,
  "setentityreference": false,
  "hideformonsuccess": true,
  "showcaptchaforauthenticatedusers": false,
  "captcharequired": false,
  "validationsummarylinksenabled": true,
  "forceallfieldsrequired": false,
  "recommendedfieldsrequired": false,
  "showunsupportedfields": false,
  "showownerfields": false,
  "tooltipenabled": false,
  "renderwebresourcesinline": false,
  "portaluserlookupattributeisactivityparty": false,
  "associatecurrentportaluser": false,
  "autogeneratesteps": false,
  "entitypermissionsenabled": true,
  "movepreviouspermitted": true,
  "type": 100000003,
  "redirectwebpage": "1b27d9e9-baac-4073-b740-ded10fdedd82",
  "webform": "6d1367b5-39f4-442b-84a0-897d4f70d048",
  "editexistingrecordpermitted": false,
  "multiplerecordsperuserpermitted": false,
  "geolocation_maptype": 756150000
}</content>
  <iscustomizable>1</iscustomizable>
  <name>Save As Draft Go Home</name>
  <powerpagecomponenttype>20</powerpagecomponenttype>
  <powerpagesiteid>
    <powerpagesiteid>f33b65cb-c6dc-4fb7-bd41-304a80528ec5</powerpagesiteid>
  </powerpagesiteid>
  <statecode>0</statecode>
  <statuscode>1</statuscode>
</powerpagecomponent>