<powerpagecomponent powerpagecomponentid="02f59607-b106-464e-b217-10d7d7d294f7">
  <content>{
  "entityname": "PCL Markets - Admins Applicants Global",
  "entitylogicalname": "mrcgvh_market",
  "scope": 756150000,
  "append": true,
  "appendto": true,
  "delete": false,
  "read": true,
  "create": false,
  "write": false,
  "parentrelationship": null,
  "parententitypermission": null,
  "contactrelationship": null,
  "accountrelationship": null,
  "childTablePermissions": [],
  "adx_entitypermission_webrole": [
    "3a4c51d6-079b-ef11-8a69-7c1e525ae302",
    "3e6799cd-079b-ef11-8a69-7c1e525ae302"
  ]
}</content>
  <iscustomizable>1</iscustomizable>
  <name>PCL Markets - Admins Applicants Global</name>
  <powerpagecomponenttype>18</powerpagecomponenttype>
  <powerpagesiteid>
    <powerpagesiteid>f33b65cb-c6dc-4fb7-bd41-304a80528ec5</powerpagesiteid>
  </powerpagesiteid>
  <statecode>0</statecode>
  <statuscode>1</statuscode>
</powerpagecomponent>