<powerpagecomponent powerpagecomponentid="8482e468-20dd-ef11-a730-6045bdda6b8c">
  <content>{
  "attributelogicalname": "mrcgvh_didyoutesttv",
  "controlstyle": 756150001,
  "purchasecreateinvoiceonpayment": false,
  "purchasefulfillorderonpayment": false,
  "purchaserequiresshipping": false,
  "fieldisrequired": false,
  "useattributedescriptionproperty": false,
  "descriptionposition": 100000000,
  "adddescription": false,
  "setvalueonsave": false,
  "ignoredefaultvalue": false,
  "randomizeoptionsetvalues": false,
  "type": 100000000,
  "webformstep": "77669544-0b91-4b6f-bc0c-618281fbf512"
}</content>
  <iscustomizable>1</iscustomizable>
  <name>Campaign Details mrcgvh_didyoutesttv</name>
  <powerpagecomponenttype>21</powerpagecomponenttype>
  <powerpagesiteid>
    <powerpagesiteid>f33b65cb-c6dc-4fb7-bd41-304a80528ec5</powerpagesiteid>
  </powerpagesiteid>
  <statecode>0</statecode>
  <statuscode>1</statuscode>
</powerpagecomponent>