<powerpagecomponent powerpagecomponentid="9a944190-27ed-42a9-85a2-5593a6a5bcc2">
  <content>{
  "filecontent": null,
  "disablepagevalidation": false,
  "displayimageonly": false,
  "displayorder": 2,
  "displaypagechildlinks": false,
  "openinnewwindow": false,
  "pageid": "329e3c2d-af82-4fe8-bbaf-8c6b5622223f",
  "parentweblinkid": "ee487fea-fadd-4388-b33c-b86ab9dab668",
  "publishingstateid": "bd64d8c8-7891-438a-aae6-778a9085930d",
  "robotsfollowlink": true,
  "weblinksetid": "77f35997-8c18-4a45-bcd4-74d0b230aee5",
  "copy": "undefined"
}</content>
  <iscustomizable>1</iscustomizable>
  <name>Subpage two</name>
  <powerpagecomponenttype>5</powerpagecomponenttype>
  <powerpagesiteid>
    <powerpagesiteid>f33b65cb-c6dc-4fb7-bd41-304a80528ec5</powerpagesiteid>
  </powerpagesiteid>
  <statecode>1</statecode>
  <statuscode>2</statuscode>
</powerpagecomponent>