<powerpagecomponent powerpagecomponentid="3a3cb98c-1fdd-ef11-a730-6045bdda6b8c">
  <content>{
  "filecontent": null,
  "tabname": "tabAssessments",
  "provisionedlanguages": 1033,
  "purchasecreateinvoiceonpayment": false,
  "purchasefulfillorderonpayment": false,
  "purchaserequiresshipping": false,
  "fieldisrequired": false,
  "useattributedescriptionproperty": false,
  "descriptionposition": 100000000,
  "adddescription": false,
  "setvalueonsave": false,
  "ignoredefaultvalue": false,
  "randomizeoptionsetvalues": false,
  "type": 100000002,
  "webformstep": "1511a3ba-6053-49b3-811d-986010053fd6",
  "entityFormId": "1511a3ba-6053-49b3-811d-986010053fd6",
  "label": "[{\"LCID\":1033,\"Value\":\"&lt;br&gt;\"}]"
}</content>
  <iscustomizable>1</iscustomizable>
  <name>Evaluate Campaign tabAssessments</name>
  <powerpagecomponenttype>21</powerpagecomponenttype>
  <powerpagesiteid>
    <powerpagesiteid>f33b65cb-c6dc-4fb7-bd41-304a80528ec5</powerpagesiteid>
  </powerpagesiteid>
  <statecode>0</statecode>
  <statuscode>1</statuscode>
</powerpagecomponent>