<powerpagecomponent powerpagecomponentid="dbb792a0-1975-45c4-b2a5-fc3625401998">
  <content>{
  "filecontent": null,
  "lcid": 1033,
  "entityname": "mrcgvh_campaign",
  "formname": "Portal Edit",
  "mode": 100000001,
  "onsuccess": "756150001",
  "successmessage": "[{\"LCID\":1033,\"Value\":\"\"}]",
  "hideformonsuccess": true,
  "redirectwebpage": "1b27d9e9-baac-4073-b740-ded10fdedd82",
  "redirecturl": null,
  "captcharequired": false,
  "showcaptchaforauthenticatedusers": false,
  "entitypermissionsenabled": true,
  "attachfilelabel": "[{\"LCID\":1033,\"Value\":\"\"}]",
  "attachfilestoragelocation": 756150000,
  "attachfilemaxsize": null,
  "maximumnooffiles": 5,
  "containername": "",
  "storageaccountname": "",
  "entitysourcetype": "756150001",
  "recordidquerystringparametername": "id",
  "copy": "undefined",
  "entityFormMetadatas": [
    "0423e263-c82a-4c0d-9337-362af784f92d",
    "e390eb23-cf9b-ef11-8a69-7c1e525ae302",
    "66b50854-489d-ef11-8a69-7c1e525ae302",
    "60afac18-7da0-ef11-8a69-7c1e525ae302",
    "730bac2a-a5a0-ef11-8a69-7c1e525ae302",
    "f62ffbcc-a6a0-ef11-8a69-7c1e525ae302",
    "59f887e5-a6a0-ef11-8a69-7c1e525ae302",
    "7ed92a00-a7a0-ef11-8a69-7c1e525ae302",
    "fb09645b-4ca5-ef11-8a69-7c1e525ae302",
    "67b54d6f-4ca5-ef11-8a69-7c1e525ae302",
    "ce5ad842-e1a5-ef11-8a69-7c1e525ae302",
    "6ff8be6f-e1a5-ef11-8a69-7c1e525ae302",
    "45ac4849-24e7-41bf-84aa-cebd936ed086",
    "0c7584ec-9286-4b23-b4f3-e3acf6b6ff94",
    "0423e263-c82a-4c0d-9337-362af784f92d",
    "0423e263-c82a-4c0d-9337-362af784f92d"
  ]
}</content>
  <iscustomizable>1</iscustomizable>
  <name>Campaign Portal Edit</name>
  <powerpagecomponenttype>15</powerpagecomponenttype>
  <powerpagesiteid>
    <powerpagesiteid>f33b65cb-c6dc-4fb7-bd41-304a80528ec5</powerpagesiteid>
  </powerpagesiteid>
  <statecode>0</statecode>
  <statuscode>1</statuscode>
</powerpagecomponent>