<powerpagecomponent powerpagecomponentid="c80ed055-59ab-4cc7-a0e3-7d5c324bd672">
  <content>{
  "filecontent": null,
  "entityform": "c55124cf-b654-4227-83e7-a581ba95a097",
  "webformstep": "c55124cf-b654-4227-83e7-a581ba95a097",
  "type": 100000001,
  "label": "[{\"LCID\":1033,\"Value\":\"Execution Assets (submit this record to add Execution Assets)\"}]",
  "sectionname": "tabgeneral_section_7",
  "copy": "undefined"
}</content>
  <iscustomizable>1</iscustomizable>
  <name>Campaign Portal New tabgeneral_section_7</name>
  <powerpagecomponenttype>16</powerpagecomponenttype>
  <powerpagesiteid>
    <powerpagesiteid>f33b65cb-c6dc-4fb7-bd41-304a80528ec5</powerpagesiteid>
  </powerpagesiteid>
  <statecode>0</statecode>
  <statuscode>1</statuscode>
</powerpagecomponent>