<powerpagecomponent powerpagecomponentid="cfeb18d2-a8df-ef11-a730-7c1e52182fb0">
  <content>{
  "attributelogicalname": "mrcgvh_didyoutesttv",
  "controlstyle": 756150001,
  "purchasecreateinvoiceonpayment": false,
  "purchasefulfillorderonpayment": false,
  "purchaserequiresshipping": false,
  "fieldisrequired": false,
  "useattributedescriptionproperty": false,
  "descriptionposition": 100000000,
  "adddescription": false,
  "setvalueonsave": false,
  "ignoredefaultvalue": false,
  "randomizeoptionsetvalues": false,
  "type": 100000000,
  "webformstep": "2c25beed-a0df-ef11-a730-7c1e52182fb0"
}</content>
  <iscustomizable>1</iscustomizable>
  <name>Step 1: View Campaign mrcgvh_didyoutesttv</name>
  <powerpagecomponenttype>21</powerpagecomponenttype>
  <powerpagesiteid>
    <powerpagesiteid>f33b65cb-c6dc-4fb7-bd41-304a80528ec5</powerpagesiteid>
  </powerpagesiteid>
  <statecode>0</statecode>
  <statuscode>1</statuscode>
</powerpagecomponent>