<powerpagecomponent powerpagecomponentid="7d97ebd9-0072-47ea-a296-4c36176e36fa">
  <content>{
  "enablerating": false,
  "enabletracking": false,
  "excludefromsearch": false,
  "feedbackpolicy": 756150000,
  "hiddenfromsitemap": true,
  "isroot": false,
  "pagetemplateid": "bf44cb68-15c2-407b-b973-10922150e341",
  "parentpageid": "1b27d9e9-baac-4073-b740-ded10fdedd82",
  "partialurl": "profile",
  "publishingstateid": "bd64d8c8-7891-438a-aae6-778a9085930d",
  "rootwebpageid": "cc66104f-bfc3-48a6-baac-b906c0a76471",
  "sharedpageconfiguration": false,
  "title": "Profile",
  "copy": "&lt;script&gt;\r\n$(document).ready(function() {\r\n    // Select the div with class 'col-lg-4' and hide it. It's the Security section\r\n    $(\".col-lg-4\").hide();\r\n});\r\n&lt;/script&gt;"
}</content>
  <iscustomizable>1</iscustomizable>
  <name>Profile</name>
  <powerpagecomponenttype>2</powerpagecomponenttype>
  <powerpagesiteid>
    <powerpagesiteid>f33b65cb-c6dc-4fb7-bd41-304a80528ec5</powerpagesiteid>
  </powerpagesiteid>
  <powerpagesitelanguageid>
    <powerpagesitelanguageid>6d6b14b9-6818-440b-8372-ef7a4ea533ce</powerpagesitelanguageid>
  </powerpagesitelanguageid>
  <searchcontent>Profile&lt;script&gt;
$(document).ready(function() {
    // Select the div with class 'col-lg-4' and hide it. It's the Security section
    $(".col-lg-4").hide();
});
&lt;/script&gt;Profile</searchcontent>
  <statecode>0</statecode>
  <statuscode>1</statuscode>
</powerpagecomponent>