<powerpagecomponent powerpagecomponentid="04d1cb5a-5b4e-42fc-a7d0-8cf54c5f252b">
  <content>{
  "filecontent": null,
  "lcid": 1033,
  "entityname": "mrcgvh_campaign",
  "formname": "Portal View",
  "mode": 100000002,
  "onsuccess": 756150000,
  "successmessage": "[{\"LCID\":1033,\"Value\":\"\"}]",
  "hideformonsuccess": true,
  "redirectwebpage": null,
  "redirecturl": null,
  "captcharequired": false,
  "showcaptchaforauthenticatedusers": false,
  "entitypermissionsenabled": true,
  "attachfilelabel": "[{\"LCID\":1033,\"Value\":\"\"}]",
  "attachfilestoragelocation": 756150000,
  "attachfilemaxsize": null,
  "maximumnooffiles": 5,
  "entitysourcetype": 756150001,
  "recordidquerystringparametername": "id",
  "copy": "undefined",
  "entityFormMetadatas": [],
  "geolocation_maptype": 756150000
}</content>
  <iscustomizable>1</iscustomizable>
  <name>Campaign Portal View</name>
  <powerpagecomponenttype>15</powerpagecomponenttype>
  <powerpagesiteid>
    <powerpagesiteid>f33b65cb-c6dc-4fb7-bd41-304a80528ec5</powerpagesiteid>
  </powerpagesiteid>
  <statecode>0</statecode>
  <statuscode>1</statuscode>
</powerpagecomponent>