<powerpagecomponent powerpagecomponentid="cc66104f-bfc3-48a6-baac-b906c0a76471">
  <content>{
  "enablerating": false,
  "enabletracking": false,
  "excludefromsearch": false,
  "feedbackpolicy": 756150000,
  "hiddenfromsitemap": true,
  "isroot": true,
  "pagetemplateid": "bf44cb68-15c2-407b-b973-10922150e341",
  "parentpageid": "1b27d9e9-baac-4073-b740-ded10fdedd82",
  "partialurl": "profile",
  "publishingstateid": "bd64d8c8-7891-438a-aae6-778a9085930d",
  "sharedpageconfiguration": false,
  "title": "Profile"
}</content>
  <iscustomizable>1</iscustomizable>
  <name>Profile</name>
  <powerpagecomponenttype>2</powerpagecomponenttype>
  <powerpagesiteid>
    <powerpagesiteid>f33b65cb-c6dc-4fb7-bd41-304a80528ec5</powerpagesiteid>
  </powerpagesiteid>
  <searchcontent>ProfileProfile</searchcontent>
  <statecode>0</statecode>
  <statuscode>1</statuscode>
</powerpagecomponent>