<powerpagecomponent powerpagecomponentid="9cff4659-7ddf-ef11-a730-7c1e52182fb0">
  <content>{
  "attributelogicalname": "mrcgvh_didyoutesttv",
  "controlstyle": 756150001,
  "type": 100000000,
  "fieldisrequired": false,
  "useattributedescriptionproperty": true,
  "descriptionposition": 100000000,
  "adddescription": false,
  "setvalueonsave": false,
  "ignoredefaultvalue": false,
  "randomizeoptionsetvalues": false,
  "entityformforcreate": "c9a82bb7-6be7-48eb-95e7-6e5f3ae88ba0",
  "entityform": "c9a82bb7-6be7-48eb-95e7-6e5f3ae88ba0"
}</content>
  <iscustomizable>1</iscustomizable>
  <name>Campaign Portal View Ranked By All mrcgvh_didyoutesttv</name>
  <powerpagecomponenttype>16</powerpagecomponenttype>
  <powerpagesiteid>
    <powerpagesiteid>f33b65cb-c6dc-4fb7-bd41-304a80528ec5</powerpagesiteid>
  </powerpagesiteid>
  <statecode>0</statecode>
  <statuscode>1</statuscode>
</powerpagecomponent>