<powerpagecomponent powerpagecomponentid="025786df-3c15-4b83-a2ef-a92cb564afd3">
  <content>{
  "lcid": 1033,
  "entityname": "mrcgvh_adatestid",
  "formname": "Portal Edit",
  "mode": 100000001,
  "onsuccess": "756150000",
  "successmessage": "",
  "hideformonsuccess": true,
  "redirectwebpage": null,
  "redirecturl": null,
  "captcharequired": false,
  "showcaptchaforauthenticatedusers": false,
  "entitypermissionsenabled": true,
  "attachfilelabel": "",
  "attachfilestoragelocation": 756150000,
  "attachfilemaxsize": null,
  "maximumnooffiles": 5,
  "containername": "",
  "storageaccountname": "",
  "entitysourcetype": "756150001",
  "recordidquerystringparametername": "id",
  "copy": "undefined"
}</content>
  <iscustomizable>1</iscustomizable>
  <name>Ada Order ID Portal Edit</name>
  <powerpagecomponenttype>15</powerpagecomponenttype>
  <powerpagesiteid>
    <powerpagesiteid>f33b65cb-c6dc-4fb7-bd41-304a80528ec5</powerpagesiteid>
  </powerpagesiteid>
  <statecode>0</statecode>
  <statuscode>1</statuscode>
</powerpagecomponent>