<powerpagecomponent powerpagecomponentid="56c3ccd0-7ecc-ef11-b8e8-7c1e525ae302">
  <content>{
  "filecontent": null,
  "savechangeswarningonclose": false,
  "progressindicatorignorelaststep": false,
  "progressindicatorprependstepnum": false,
  "progressindicatorposition": 756150000,
  "progressindicatortype": 756150000,
  "progressindicatorenabled": true,
  "multiplerecordsperuserpermitted": true,
  "startnewsessiononload": true,
  "authenticationrequired": true,
  "editexistingrecordpermitted": true,
  "startstep": "3e3d5c04-7fcc-ef11-b8e8-7c1e525ae302",
  "webFormSteps": [
    "3e3d5c04-7fcc-ef11-b8e8-7c1e525ae302",
    "c3a6e12c-80cc-ef11-b8e8-7c1e525ae302"
  ]
}</content>
  <iscustomizable>1</iscustomizable>
  <name>Campaign New Multistep</name>
  <powerpagecomponenttype>19</powerpagecomponenttype>
  <powerpagesiteid>
    <powerpagesiteid>f33b65cb-c6dc-4fb7-bd41-304a80528ec5</powerpagesiteid>
  </powerpagesiteid>
  <statecode>0</statecode>
  <statuscode>1</statuscode>
</powerpagecomponent>