<powerpagecomponent powerpagecomponentid="161aeee8-2c0a-4f2a-b612-a7aef4dbae1e">
  <content>{
  "filecontent": null,
  "lcid": 1033,
  "entityname": "mrcgvh_executionasset",
  "formname": "Portal New",
  "mode": 100000000,
  "onsuccess": 756150001,
  "hideformonsuccess": false,
  "redirectwebpage": "f1ddfc27-b8c3-7dec-0c68-90262e33cfe9",
  "redirecturl": null,
  "captcharequired": false,
  "showcaptchaforauthenticatedusers": false,
  "entitypermissionsenabled": true,
  "attachfilestoragelocation": 756150000,
  "attachfilemaxsize": null,
  "maximumnooffiles": 5,
  "entitysourcetype": null,
  "recordidquerystringparametername": null,
  "copy": "undefined",
  "geolocation_maptype": 756150000,
  "entityFormMetadatas": [],
  "successmessage": "[{\"LCID\":1033,\"Value\":\"Your details have been submitted.\"}]",
  "settings": "{\"$type\":\"Adxstudio.Xrm.Web.UI.JsonConfiguration.FormActionMetadata, Adxstudio.Xrm\",\"Actions\":[],\"DeleteDialog\":{\"$type\":\"Adxstudio.Xrm.Web.UI.JsonConfiguration.DeleteModal, Adxstudio.Xrm\",\"Title\":[{\"$type\":\"Adxstudio.Xrm.Web.UI.WebForms.LanguageResources, Adxstudio.Xrm\",\"LCID\":1033,\"Value\":\"\"}],\"PrimaryButtonText\":[{\"$type\":\"Adxstudio.Xrm.Web.UI.WebForms.LanguageResources, Adxstudio.Xrm\",\"LCID\":1033,\"Value\":\"\"}],\"CloseButtonText\":[{\"$type\":\"Adxstudio.Xrm.Web.UI.WebForms.LanguageResources, Adxstudio.Xrm\",\"LCID\":1033,\"Value\":\"\"}],\"DismissButtonSrText\":[{\"$type\":\"Adxstudio.Xrm.Web.UI.WebForms.LanguageResources, Adxstudio.Xrm\",\"LCID\":1033,\"Value\":\"\"}],\"Size\":0,\"CssClass\":\"\",\"TitleCssClass\":\"\",\"PrimaryButtonCssClass\":\"\",\"CloseButtonCssClass\":\"\"},\"WorkflowDialog\":{\"$type\":\"Adxstudio.Xrm.Web.UI.JsonConfiguration.WorkflowModal, Adxstudio.Xrm\",\"Title\":[{\"$type\":\"Adxstudio.Xrm.Web.UI.WebForms.LanguageResources, Adxstudio.Xrm\",\"LCID\":1033,\"Value\":\"\"}],\"PrimaryButtonText\":[{\"$type\":\"Adxstudio.Xrm.Web.UI.WebForms.LanguageResources, Adxstudio.Xrm\",\"LCID\":1033,\"Value\":\"\"}],\"CloseButtonText\":[{\"$type\":\"Adxstudio.Xrm.Web.UI.WebForms.LanguageResources, Adxstudio.Xrm\",\"LCID\":1033,\"Value\":\"\"}],\"DismissButtonSrText\":[{\"$type\":\"Adxstudio.Xrm.Web.UI.WebForms.LanguageResources, Adxstudio.Xrm\",\"LCID\":1033,\"Value\":\"\"}],\"Size\":0,\"CssClass\":\"\",\"TitleCssClass\":\"\",\"PrimaryButtonCssClass\":\"\",\"CloseButtonCssClass\":\"\"},\"ActionDropDownButtonLabel\":[{\"$type\":\"Adxstudio.Xrm.Web.UI.WebForms.LanguageResources, Adxstudio.Xrm\",\"LCID\":1033,\"Value\":\"\"}],\"TopContainerCssClass\":\"\",\"BottomContainerCssClass\":\"\",\"ShowSaveChangesWarningOnExit\":false,\"SaveChangesWarningMessage\":[{\"$type\":\"Adxstudio.Xrm.Web.UI.WebForms.LanguageResources, Adxstudio.Xrm\",\"LCID\":1033,\"Value\":\"\"}],\"ActivateDialog\":{\"$type\":\"Adxstudio.Xrm.Web.UI.JsonConfiguration.ActivateModal,\\tAdxstudio.Xrm\",\"Title\":[{\"$type\":\"Adxstudio.Xrm.Web.UI.WebForms.LanguageResources, Adxstudio.Xrm\",\"LCID\":1033,\"Value\":\"\"}],\"PrimaryButtonText\":[{\"$type\":\"Adxstudio.Xrm.Web.UI.WebForms.LanguageResources, Adxstudio.Xrm\",\"LCID\":1033,\"Value\":\"\"}],\"CloseButtonText\":[{\"$type\":\"Adxstudio.Xrm.Web.UI.WebForms.LanguageResources, Adxstudio.Xrm\",\"LCID\":1033,\"Value\":\"\"}],\"DismissButtonSrText\":[{\"$type\":\"Adxstudio.Xrm.Web.UI.WebForms.LanguageResources, Adxstudio.Xrm\",\"LCID\":1033,\"Value\":\"\"}],\"Size\":0,\"CssClass\":\"\",\"TitleCssClass\":\"\",\"PrimaryButtonCssClass\":\"\",\"CloseButtonCssClass\":\"\"},\"DeactivateDialog\":{\"$type\":\"Adxstudio.Xrm.Web.UI.JsonConfiguration.DeactivateModal,\\tAdxstudio.Xrm\",\"Title\":[{\"$type\":\"Adxstudio.Xrm.Web.UI.WebForms.LanguageResources, Adxstudio.Xrm\",\"LCID\":1033,\"Value\":\"\"}],\"PrimaryButtonText\":[{\"$type\":\"Adxstudio.Xrm.Web.UI.WebForms.LanguageResources, Adxstudio.Xrm\",\"LCID\":1033,\"Value\":\"\"}],\"CloseButtonText\":[{\"$type\":\"Adxstudio.Xrm.Web.UI.WebForms.LanguageResources, Adxstudio.Xrm\",\"LCID\":1033,\"Value\":\"\"}],\"DismissButtonSrText\":[{\"$type\":\"Adxstudio.Xrm.Web.UI.WebForms.LanguageResources, Adxstudio.Xrm\",\"LCID\":1033,\"Value\":\"\"}],\"Size\":0,\"CssClass\":\"\",\"TitleCssClass\":\"\",\"PrimaryButtonCssClass\":\"\",\"CloseButtonCssClass\":\"\"},\"CreateRelatedRecordDialog\":{\"$type\":\"Adxstudio.Xrm.Web.UI.JsonConfiguration.CreateRelatedRecordModal, Adxstudio.Xrm\",\"PrimaryButtonText\":[{\"$type\":\"Adxstudio.Xrm.Web.UI.WebForms.LanguageResources, Adxstudio.Xrm\",\"LCID\":1033,\"Value\":\"\"}],\"CloseButtonText\":[{\"$type\":\"Adxstudio.Xrm.Web.UI.WebForms.LanguageResources, Adxstudio.Xrm\",\"LCID\":1033,\"Value\":\"\"}],\"PrimaryButtonCssClass\":\"\",\"CloseButtonCssClass\":\"\",\"Title\":[{\"$type\":\"Adxstudio.Xrm.Web.UI.WebForms.LanguageResources, Adxstudio.Xrm\",\"LCID\":1033,\"Value\":\"\"}],\"DismissButtonSrText\":[{\"$type\":\"Adxstudio.Xrm.Web.UI.WebForms.LanguageResources, Adxstudio.Xrm\",\"LCID\":1033,\"Value\":\"\"}],\"Size\":0,\"CssClass\":\"\",\"TitleCssClass\":\"\"}}",
  "instructions": "[{\"LCID\":1033,\"Value\":\"\"}]",
  "redirecturlquerystringname": "id",
  "redirecturlappendentityidquerystring": true,
  "appendquerystring": false
}</content>
  <iscustomizable>1</iscustomizable>
  <name>Execution Asset Portal New</name>
  <powerpagecomponenttype>15</powerpagecomponenttype>
  <powerpagesiteid>
    <powerpagesiteid>f33b65cb-c6dc-4fb7-bd41-304a80528ec5</powerpagesiteid>
  </powerpagesiteid>
  <statecode>0</statecode>
  <statuscode>1</statuscode>
</powerpagecomponent>