<ImportExportXml version="9.2.24122.192" SolutionPackageVersion="9.2" languagecode="1033" generatedBy="CrmLive" xmlns:xsi="http://www.w3.org/2001/XMLSchema-instance" OrganizationVersion="9.2.24122.192" OrganizationSchemaType="Standard" CRMServerServiceabilityVersion="9.2.24122.00192">
  <SolutionManifest>
    <UniqueName>ContosoCoffee</UniqueName>
    <LocalizedNames>
      <LocalizedName description="Pepsico Creative Ladder Solution" languagecode="1033" />
    </LocalizedNames>
    <Descriptions />
    <Version>1.0.0.11</Version>
    <Managed>0</Managed>
    <Publisher>
      <UniqueName>microsoftrcgveh</UniqueName>
      <LocalizedNames>
        <LocalizedName description="Microsoft RCG Valter E Herman" languagecode="1033" />
      </LocalizedNames>
      <Descriptions />
      <EMailAddress xsi:nil="true"></EMailAddress>
      <SupportingWebsiteUrl xsi:nil="true"></SupportingWebsiteUrl>
      <CustomizationPrefix>mrcgvh</CustomizationPrefix>
      <CustomizationOptionValuePrefix>66981</CustomizationOptionValuePrefix>
      <Addresses>
        <Address>
          <AddressNumber>1</AddressNumber>
          <AddressTypeCode>1</AddressTypeCode>
          <City xsi:nil="true"></City>
          <County xsi:nil="true"></County>
          <Country xsi:nil="true"></Country>
          <Fax xsi:nil="true"></Fax>
          <FreightTermsCode xsi:nil="true"></FreightTermsCode>
          <ImportSequenceNumber xsi:nil="true"></ImportSequenceNumber>
          <Latitude xsi:nil="true"></Latitude>
          <Line1 xsi:nil="true"></Line1>
          <Line2 xsi:nil="true"></Line2>
          <Line3 xsi:nil="true"></Line3>
          <Longitude xsi:nil="true"></Longitude>
          <Name xsi:nil="true"></Name>
          <PostalCode xsi:nil="true"></PostalCode>
          <PostOfficeBox xsi:nil="true"></PostOfficeBox>
          <PrimaryContactName xsi:nil="true"></PrimaryContactName>
          <ShippingMethodCode>1</ShippingMethodCode>
          <StateOrProvince xsi:nil="true"></StateOrProvince>
          <Telephone1 xsi:nil="true"></Telephone1>
          <Telephone2 xsi:nil="true"></Telephone2>
          <Telephone3 xsi:nil="true"></Telephone3>
          <TimeZoneRuleVersionNumber xsi:nil="true"></TimeZoneRuleVersionNumber>
          <UPSZone xsi:nil="true"></UPSZone>
          <UTCOffset xsi:nil="true"></UTCOffset>
          <UTCConversionTimeZoneCode xsi:nil="true"></UTCConversionTimeZoneCode>
        </Address>
        <Address>
          <AddressNumber>2</AddressNumber>
          <AddressTypeCode>1</AddressTypeCode>
          <City xsi:nil="true"></City>
          <County xsi:nil="true"></County>
          <Country xsi:nil="true"></Country>
          <Fax xsi:nil="true"></Fax>
          <FreightTermsCode xsi:nil="true"></FreightTermsCode>
          <ImportSequenceNumber xsi:nil="true"></ImportSequenceNumber>
          <Latitude xsi:nil="true"></Latitude>
          <Line1 xsi:nil="true"></Line1>
          <Line2 xsi:nil="true"></Line2>
          <Line3 xsi:nil="true"></Line3>
          <Longitude xsi:nil="true"></Longitude>
          <Name xsi:nil="true"></Name>
          <PostalCode xsi:nil="true"></PostalCode>
          <PostOfficeBox xsi:nil="true"></PostOfficeBox>
          <PrimaryContactName xsi:nil="true"></PrimaryContactName>
          <ShippingMethodCode>1</ShippingMethodCode>
          <StateOrProvince xsi:nil="true"></StateOrProvince>
          <Telephone1 xsi:nil="true"></Telephone1>
          <Telephone2 xsi:nil="true"></Telephone2>
          <Telephone3 xsi:nil="true"></Telephone3>
          <TimeZoneRuleVersionNumber xsi:nil="true"></TimeZoneRuleVersionNumber>
          <UPSZone xsi:nil="true"></UPSZone>
          <UTCOffset xsi:nil="true"></UTCOffset>
          <UTCConversionTimeZoneCode xsi:nil="true"></UTCConversionTimeZoneCode>
        </Address>
      </Addresses>
    </Publisher>
    <RootComponents>
      <RootComponent type="1" schemaName="account" behavior="1" />
      <RootComponent type="1" schemaName="contact" behavior="1" />
      <RootComponent type="1" schemaName="mrcgvh_adaorderiddigital" behavior="0" />
      <RootComponent type="1" schemaName="mrcgvh_adaorderidtv" behavior="0" />
      <RootComponent type="1" schemaName="mrcgvh_campaign" behavior="0" />
      <RootComponent type="1" schemaName="mrcgvh_campaignassessment" behavior="0" />
      <RootComponent type="1" schemaName="mrcgvh_executionasset" behavior="0" />
      <RootComponent type="9" schemaName="mrcgvh_pcladatesttypeglobaloptionset" behavior="0" />
      <RootComponent type="9" schemaName="mrcgvh_pclassettype" behavior="0" />
      <RootComponent type="9" schemaName="mrcgvh_pclbrandsglobaloptions" behavior="0" />
      <RootComponent type="9" schemaName="mrcgvh_pclcampaignstatus" behavior="0" />
      <RootComponent type="9" schemaName="mrcgvh_pclcreativeladderratingglobaloption" behavior="0" />
      <RootComponent type="9" schemaName="mrcgvh_pcldepartmentglobaloptionset" behavior="0" />
      <RootComponent type="9" schemaName="mrcgvh_pclmarketglobaloptions" behavior="0" />
      <RootComponent type="9" schemaName="mrcgvh_pclsectorsglobaloptions" behavior="0" />
      <RootComponent type="9" schemaName="mrcgvh_pclyearglobaloption" behavior="0" />
      <RootComponent type="29" id="{0f9f7599-50cc-ef11-b8e8-7c1e525ae302}" behavior="0" />
      <RootComponent type="29" id="{25f7d902-2ddd-ef11-a730-6045bdda6b8c}" behavior="0" />
      <RootComponent type="29" id="{752c094c-c2dc-ef11-a730-7c1e521a5bc4}" behavior="0" />
      <RootComponent type="29" id="{c27af0b9-9cd9-ef11-a730-7c1e521a5bc4}" behavior="0" />
      <RootComponent type="29" id="{db5a41b1-34dd-ef11-a730-6045bdda6b8c}" behavior="0" />
      <RootComponent type="29" id="{dc02c071-c89b-ef11-8a69-7c1e525ae302}" behavior="0" />
      <RootComponent type="62" schemaName="mrcgvh_CreativeLadderMDA" behavior="0" />
      <RootComponent type="80" schemaName="mrcgvh_CreativeLadderMDA" behavior="0" />
    </RootComponents>
    <MissingDependencies>
      <MissingDependency>
        <Required type="1" schemaName="aaduser" displayName="Microsoft Entra ID" solution="MetadataExtension (1.0.2.107)">
          <package appName="Data Modeling Extensions Package" version="1.0.0.34">msft_AsyncAttributeMetadataApp (1.0.0.34)</package>
        </Required>
        <Dependent type="powerpagecomponent" id="{1467630b-a37a-468e-8a56-384854047c65}" />
      </MissingDependency>
      <MissingDependency>
        <Required type="1" schemaName="environmentvariabledefinition" displayName="Environment Variable Definition" solution="EnvironmentVariables (1.0.2406.4)">
          <package appName="EnvironmentVariables" version="1.0.2406.4">EnvironmentVariablesSolutionAnchor (1.0.2406.4)</package>
        </Required>
        <Dependent type="29" displayName="Update SharePoint Folder Path on Exec Asset create" id="{752c094c-c2dc-ef11-a730-7c1e521a5bc4}" />
      </MissingDependency>
      <MissingDependency>
        <Required type="26" schemaName="All Contacts" displayName="All Contacts" parentSchemaName="contact" parentDisplayName="Contact" solution="msdynce_AppCommon (9.0.4.0066)" id="{0d5d377b-5e7c-47b5-bab1-a5cb8b4ac105}">
          <package appName="msdynce_AppCommon" version="9.0.24091.10002">msdynce_AppCommonAnchor (9.0.24091.10002)</package>
          <package appName="Dynamics 365 Application Common" version="9.0.24114.10001">msdynce_AppCommonAnchor (9.0.24114.10001)</package>
        </Required>
        <Dependent type="60" displayName="Sector" parentDisplayName="Sector" id="{5323aebd-6aa0-ef11-8a69-7c1e525ae302}" />
      </MissingDependency>
      <MissingDependency>
        <Required type="26" schemaName="All Microsoft Entra IDs" displayName="All Microsoft Entra IDs" parentSchemaName="aaduser" parentDisplayName="Microsoft Entra ID" solution="MetadataExtension (1.0.2.107)" id="{1f1810e2-2903-402f-92bc-db11ec075c24}">
          <package appName="Data Modeling Extensions Package" version="1.0.0.34">msft_AsyncAttributeMetadataApp (1.0.0.34)</package>
        </Required>
        <Dependent type="powerpagecomponent" id="{1467630b-a37a-468e-8a56-384854047c65}" />
      </MissingDependency>
      <MissingDependency>
        <Required type="60" displayName="Profile Web Form (Enhanced)" parentDisplayName="Contact" solution="PowerPages_RuntimeCore (1.0.2407.1)" id="{bddc0100-0dbe-4562-aafe-31d08c8ab506}">
          <package appName="Power Pages Core Package" version="1.0.2409.121">PowerPages_Core (1.0.2409.121)</package>
          <package appName="Power Pages Core" version="1.0.2409.127">PowerPages_Core (1.0.2409.127)</package>
        </Required>
        <Dependent type="60" displayName="Profile Web Form (Enhanced)" parentDisplayName="Contact" id="{bddc0100-0dbe-4562-aafe-31d08c8ab506}" />
      </MissingDependency>
      <MissingDependency>
        <Required type="60" displayName="Portal Contact (Enhanced)" parentDisplayName="Contact" solution="PowerPages_RuntimeCore (1.0.2407.1)" id="{c1c97961-2d42-4103-abf8-2fe2bdf38224}">
          <package appName="Power Pages Core Package" version="1.0.2409.121">PowerPages_Core (1.0.2409.121)</package>
          <package appName="Power Pages Core" version="1.0.2409.127">PowerPages_Core (1.0.2409.127)</package>
        </Required>
        <Dependent type="80" schemaName="mrcgvh_CreativeLadderMDA" displayName="Creative Ladder Administration" />
      </MissingDependency>
      <MissingDependency>
        <Required type="61" schemaName="AppCommon/Account/Account_main_system_library.js" displayName="AppCommon/Account/Account_main_system_library.js" solution="msdynce_AppCommon (9.0.4.0066)">
          <package appName="msdynce_AppCommon" version="9.0.24091.10002">msdynce_AppCommonAnchor (9.0.24091.10002)</package>
          <package appName="Dynamics 365 Application Common" version="9.0.24114.10001">msdynce_AppCommonAnchor (9.0.24114.10001)</package>
        </Required>
        <Dependent type="60" displayName="Sector Portal View" parentDisplayName="Sector" id="{5251494a-6ba0-ef11-8a69-7c1e525ae302}" />
      </MissingDependency>
      <MissingDependency>
        <Required type="61" schemaName="msdyn_/Images/AppModule_Default_Icon.png" displayName="msdyn_/Images/AppModule_Default_Icon.png" solution="AppModuleWebResources (2.5)">
          <package appName="AppModule Web Resources Package" version="2.5">AppModuleWebResources (2.5)</package>
        </Required>
        <Dependent type="80" schemaName="mrcgvh_CreativeLadderMDA" displayName="Creative Ladder Administration" />
      </MissingDependency>
      <MissingDependency>
        <Required type="66" schemaName="MscrmControls.FieldControls.ToggleControl" displayName="MscrmControls.FieldControls.ToggleControl" solution="BaseCustomControlsCore (9.0.2412.2003)">
          <package appName="Base Custom Controls" version="9.0.2412.2003">BaseCustomControlsCore (9.0.2412.2003)</package>
        </Required>
        <Dependent type="60" displayName="Information" parentDisplayName="Campaign" id="{209c8052-d960-44cf-aa36-ea1f8642e5ef}" />
      </MissingDependency>
      <MissingDependency>
        <Required type="66" schemaName="MscrmControls.FieldControls.ToggleControl" displayName="MscrmControls.FieldControls.ToggleControl" solution="BaseCustomControlsCore (9.0.2412.2003)">
          <package appName="Base Custom Controls" version="9.0.2412.2003">BaseCustomControlsCore (9.0.2412.2003)</package>
        </Required>
        <Dependent type="60" displayName="Portal Edit" parentDisplayName="Campaign" id="{3577bcfb-059b-ef11-8a69-7c1e525ae302}" />
      </MissingDependency>
      <MissingDependency>
        <Required type="66" schemaName="MscrmControls.FieldControls.ToggleControl" displayName="MscrmControls.FieldControls.ToggleControl" solution="BaseCustomControlsCore (9.0.2412.2003)">
          <package appName="Base Custom Controls" version="9.0.2412.2003">BaseCustomControlsCore (9.0.2412.2003)</package>
        </Required>
        <Dependent type="60" displayName="Portal View" parentDisplayName="Campaign" id="{ac75daf4-059b-ef11-8a69-7c1e525ae302}" />
      </MissingDependency>
      <MissingDependency>
        <Required type="66" schemaName="MscrmControls.FieldControls.ToggleControl" displayName="MscrmControls.FieldControls.ToggleControl" solution="BaseCustomControlsCore (9.0.2412.2003)">
          <package appName="Base Custom Controls" version="9.0.2412.2003">BaseCustomControlsCore (9.0.2412.2003)</package>
        </Required>
        <Dependent type="60" displayName="Portal New" parentDisplayName="Campaign" id="{c841500f-069b-ef11-8a69-7c1e525ae302}" />
      </MissingDependency>
      <MissingDependency>
        <Required type="SettingDefinition" displayName="AppChannel" solution="msdyn_AppFrameworkInfraExtensions (1.0.0.12)" id.uniquename="AppChannel">
          <package appName="PowerAppsAppFramework Package" version="1.0.0.16">PowerAppsAppFramework_Anchor (1.0.0.16)</package>
        </Required>
        <Dependent type="AppSetting" displayName="parentappmoduleid.uniquename=mrcgvh_CreativeLadderMDA,settingdefinitionid.uniquename=AppChannel" id.parentappmoduleid.uniquename="mrcgvh_CreativeLadderMDA" id.settingdefinitionid.uniquename="AppChannel" />
      </MissingDependency>
    </MissingDependencies>
  </SolutionManifest>
</ImportExportXml>