<powerpagecomponent powerpagecomponentid="10a47059-de66-4bc1-9863-030d21d24312">
  <content>{
  "filecontent": null,
  "entityform": "c55124cf-b654-4227-83e7-a581ba95a097",
  "webformstep": "c55124cf-b654-4227-83e7-a581ba95a097",
  "type": 100000001,
  "label": "[{\"LCID\":1033,\"Value\":\"TV / Digital Testing (submit this record to add Testing IDs)\"}]",
  "sectionname": "tabgeneral_section_8",
  "copy": "undefined"
}</content>
  <iscustomizable>1</iscustomizable>
  <name>Campaign Portal New tabgeneral_section_8</name>
  <powerpagecomponenttype>16</powerpagecomponenttype>
  <powerpagesiteid>
    <powerpagesiteid>f33b65cb-c6dc-4fb7-bd41-304a80528ec5</powerpagesiteid>
  </powerpagesiteid>
  <statecode>0</statecode>
  <statuscode>1</statuscode>
</powerpagecomponent>