<powerpagecomponent powerpagecomponentid="217b8c04-9efb-ef11-bae3-000d3a55d774">
  <content>{
  "attributelogicalname": "mrcgvh_didyoutestdigital",
  "controlstyle": 756150001,
  "purchasecreateinvoiceonpayment": false,
  "purchasefulfillorderonpayment": false,
  "purchaserequiresshipping": false,
  "fieldisrequired": false,
  "useattributedescriptionproperty": false,
  "descriptionposition": 100000000,
  "adddescription": false,
  "setvalueonsave": false,
  "ignoredefaultvalue": false,
  "randomizeoptionsetvalues": false,
  "type": 100000000,
  "webformstep": "da185091-9ae2-ef11-a730-7c1e52182fb0"
}</content>
  <iscustomizable>1</iscustomizable>
  <name>Step 2: Preview mrcgvh_didyoutestdigital</name>
  <powerpagecomponenttype>21</powerpagecomponenttype>
  <powerpagesiteid>
    <powerpagesiteid>f33b65cb-c6dc-4fb7-bd41-304a80528ec5</powerpagesiteid>
  </powerpagesiteid>
  <statecode>0</statecode>
  <statuscode>1</statuscode>
</powerpagecomponent>