<powerpagecomponent powerpagecomponentid="cde446db-638d-49d5-81aa-6745a5774d81">
  <content>{
  "filecontent": null,
  "copy": "&lt;div class=\"row sectionBlockLayout text-start\" style=\"display: flex; flex-wrap: wrap; margin: 0px; min-height: auto; padding: 8px;\"&gt;\n  &lt;div class=\"container\" style=\"display: flex; flex-wrap: wrap;\"&gt;\n    &lt;div class=\"col-lg-12 columnBlockLayout\" style=\"flex-grow: 1; display: flex; flex-direction: column; min-width: 300px; padding: 16px; margin: 60px 0px;\"&gt;\n      &lt;h2 style=\"color: var(--portalThemeColor9);\"&gt;&lt;b style=\"position: relative;\"&gt;Subpage one&lt;/b&gt;&lt;/h2&gt;\n      &lt;p&gt;This page can be customized by adding new sections and components.&amp;nbsp;&lt;/p&gt;\n      &lt;p&gt;&lt;/p&gt;\n    &lt;/div&gt;\n  &lt;/div&gt;\n&lt;/div&gt;\n&lt;div class=\"row sectionBlockLayout text-start\" style=\"display: flex; flex-wrap: wrap; margin: 0px; min-height: auto; padding: 8px;\"&gt;\n  &lt;div class=\"container\" style=\"padding: 0px; display: flex; flex-wrap: wrap;\"&gt;\n    &lt;div class=\"col-lg-6 columnBlockLayout\" style=\"flex-grow: 1; display: flex; flex-direction: column; min-width: 300px;\"&gt;&lt;img src=\"/page/Subpage-one/sub1.png\" alt=\"Sculpture\" name=\"sub1.png\" style=\"width: 101.54%; height: 375px; max-width: 100%;\"&gt;&lt;/div&gt;\n    &lt;div class=\"col-lg-6 columnBlockLayout\" style=\"flex-grow: 1; display: flex; flex-direction: column; min-width: 300px;\"&gt;\n      &lt;h2&gt;&lt;b&gt;Share a story&lt;/b&gt;&lt;/h2&gt;\n      &lt;p&gt;Main pages often include links to stories about how individual people or organizations benefit from interacting with your organization. &amp;nbsp;&lt;/p&gt;\n    &lt;/div&gt;\n  &lt;/div&gt;\n&lt;/div&gt;",
  "displayorder": 1,
  "enablerating": false,
  "enabletracking": false,
  "excludefromsearch": false,
  "feedbackpolicy": 756150000,
  "hiddenfromsitemap": false,
  "isroot": false,
  "pagetemplateid": "7bfe39f8-6842-4fb5-8e19-757ef861f186",
  "parentpageid": "cb296e87-14fa-4504-8996-e0e591fddb36",
  "partialurl": "Subpage-one-deleted",
  "publishingstateid": "bd64d8c8-7891-438a-aae6-778a9085930d",
  "rootwebpageid": "dee1d0db-c17b-43cb-8ec8-9316436bc282",
  "sharedpageconfiguration": true,
  "summary": "&lt;p&gt;This is a sample landing page designed to be a starting point for your website&lt;/p&gt;",
  "title": "Subpage one"
}</content>
  <iscustomizable>1</iscustomizable>
  <name>Subpage one-deleted</name>
  <powerpagecomponenttype>2</powerpagecomponenttype>
  <powerpagesiteid>
    <powerpagesiteid>f33b65cb-c6dc-4fb7-bd41-304a80528ec5</powerpagesiteid>
  </powerpagesiteid>
  <powerpagesitelanguageid>
    <powerpagesitelanguageid>6d6b14b9-6818-440b-8372-ef7a4ea533ce</powerpagesitelanguageid>
  </powerpagesitelanguageid>
  <searchcontent>Subpage one&lt;div class="row sectionBlockLayout text-start" style="display: flex; flex-wrap: wrap; margin: 0px; min-height: auto; padding: 8px;"&gt;
  &lt;div class="container" style="display: flex; flex-wrap: wrap;"&gt;
    &lt;div class="col-lg-12 columnBlockLayout" style="flex-grow: 1; display: flex; flex-direction: column; min-width: 300px; padding: 16px; margin: 60px 0px;"&gt;
      &lt;h2 style="color: var(--portalThemeColor9);"&gt;&lt;b style="position: relative;"&gt;Subpage one&lt;/b&gt;&lt;/h2&gt;
      &lt;p&gt;This page can be customized by adding new sections and components.&amp;nbsp;&lt;/p&gt;
      &lt;p&gt;&lt;/p&gt;
    &lt;/div&gt;
  &lt;/div&gt;
&lt;/div&gt;
&lt;div class="row sectionBlockLayout text-start" style="display: flex; flex-wrap: wrap; margin: 0px; min-height: auto; padding: 8px;"&gt;
  &lt;div class="container" style="padding: 0px; display: flex; flex-wrap: wrap;"&gt;
    &lt;div class="col-lg-6 columnBlockLayout" style="flex-grow: 1; display: flex; flex-direction: column; min-width: 300px;"&gt;&lt;img src="/page/Subpage-one/sub1.png" alt="Sculpture" name="sub1.png" style="width: 101.54%; height: 375px; max-width: 100%;"&gt;&lt;/div&gt;
    &lt;div class="col-lg-6 columnBlockLayout" style="flex-grow: 1; display: flex; flex-direction: column; min-width: 300px;"&gt;
      &lt;h2&gt;&lt;b&gt;Share a story&lt;/b&gt;&lt;/h2&gt;
      &lt;p&gt;Main pages often include links to stories about how individual people or organizations benefit from interacting with your organization. &amp;nbsp;&lt;/p&gt;
    &lt;/div&gt;
  &lt;/div&gt;
&lt;/div&gt;Subpage one-deleted</searchcontent>
  <statecode>1</statecode>
  <statuscode>2</statuscode>
</powerpagecomponent>