<powerpagecomponent powerpagecomponentid="267b951a-b231-ab2c-8136-feee542b43b2">
  <content>{
  "displayorder": 4,
  "weblinksetid": "77f35997-8c18-4a45-bcd4-74d0b230aee5",
  "pageid": "9e14b070-fe7e-1255-3706-52bd62d21407",
  "publishingstateid": "bd64d8c8-7891-438a-aae6-778a9085930d",
  "displaypagevalidation": false,
  "displayimageonly": false,
  "displaypagechildlinks": false,
  "openinnewwindow": false,
  "robotsfollowlink": true,
  "copy": "undefined"
}</content>
  <iscustomizable>1</iscustomizable>
  <name>Campaign New</name>
  <powerpagecomponenttype>5</powerpagecomponenttype>
  <powerpagesiteid>
    <powerpagesiteid>f33b65cb-c6dc-4fb7-bd41-304a80528ec5</powerpagesiteid>
  </powerpagesiteid>
  <statecode>1</statecode>
  <statuscode>2</statuscode>
</powerpagecomponent>