<powerpagecomponent powerpagecomponentid="2ecd8344-2b3c-449d-a05a-beb2afb2789a">
  <content>{
  "filecontent": null,
  "lcid": 1033,
  "entityname": "mrcgvh_campaign",
  "formname": "Portal View",
  "mode": 100000002,
  "onsuccess": "756150000",
  "successmessage": "[{\"LCID\":1033,\"Value\":\"\"}]",
  "hideformonsuccess": true,
  "redirectwebpage": null,
  "redirecturl": null,
  "captcharequired": false,
  "showcaptchaforauthenticatedusers": false,
  "entitypermissionsenabled": true,
  "attachfilelabel": "[{\"LCID\":1033,\"Value\":\"\"}]",
  "attachfilestoragelocation": 756150000,
  "attachfilemaxsize": null,
  "maximumnooffiles": 5,
  "containername": "",
  "storageaccountname": "",
  "entitysourcetype": "756150001",
  "recordidquerystringparametername": "id",
  "copy": "undefined",
  "entityFormMetadatas": [
    "6341c3c1-70df-ef11-a730-7c1e52182fb0",
    "482d73d0-70df-ef11-a730-7c1e52182fb0",
    "d65b679e-aed9-ef11-a730-7c1e521a5bc4",
    "67e132ac-aed9-ef11-a730-7c1e521a5bc4"
  ]
}</content>
  <iscustomizable>1</iscustomizable>
  <name>Campaign Portal View</name>
  <powerpagecomponenttype>15</powerpagecomponenttype>
  <powerpagesiteid>
    <powerpagesiteid>f33b65cb-c6dc-4fb7-bd41-304a80528ec5</powerpagesiteid>
  </powerpagesiteid>
  <statecode>0</statecode>
  <statuscode>1</statuscode>
</powerpagecomponent>