<powerpagecomponent powerpagecomponentid="e27bde0f-d122-192c-448d-93e437215d12">
  <content>{
  "filecontent": null,
  "displayorder": 12,
  "pagetemplateid": "7bfe39f8-6842-4fb5-8e19-757ef861f186",
  "parentpageid": "1b27d9e9-baac-4073-b740-ded10fdedd82",
  "partialurl": "Campaign-Edit",
  "isroot": false,
  "rootwebpageid": "1d09a775-52f8-6139-f96c-16109a391a9b",
  "title": "Camp Edit",
  "summary": "&lt;p&gt;This is a sample landing page designed to be a starting point for your website&lt;/p&gt;",
  "copy": "&lt;script type=\"text/javascript\"&gt;\n   // document.addEventListener(\"DOMContentLoaded\", function() {\n   // });\n\n   window.addEventListener('load', function() {\n  debugger;\n  // update any sharepoint links to open the tab in a new window, set the display name to \"View File\"\n  makeBlanks = () =&gt; {\n     Array.from(document.querySelectorAll(\"a\"))\n         .filter((what) =&gt; what.href.includes(\".sharepoint.com/\")) // Fix: use `includes` instead of `contains`\n         .forEach((what) =&gt; {\n             what.setAttribute(\"target\", \"_blank\");\n             // Update the display text with the actual href\n             what.textContent = \"View File\";\n         });\n  };\n  // also repeat every 1 sec if needed\n  setInterval(makeBlanks, 1000);\n\n\n  // hide / show did you test TV subgrid depending on toggle\n     function toggleSubgridVisibility() {\n         const toggleButton = document.querySelector('button[role=\"switch\"]#Toggle0');\n         const subgridDiv = document.getElementById('subgridAdaIdTV');\n         if (!toggleButton || !subgridDiv) return; // Exit if elements are not found\n         const isChecked = toggleButton.getAttribute('aria-checked') === \"true\";\n         // Hide or show the div based on the toggle state\n         subgridDiv.style.display = isChecked ? \"block\" : \"none\";\n     }\n     // Run initially in case elements are already in the DOM\n     toggleSubgridVisibility();\n     // Observe changes in the DOM\n     const observer = new MutationObserver((mutations) =&gt; {\n         mutations.forEach((mutation) =&gt; {\n             if (mutation.type === \"attributes\" &amp;&amp; mutation.target.id === \"Toggle0\" &amp;&amp; mutation.attributeName === \"aria-checked\") {\n                 toggleSubgridVisibility();\n             }\n         });\n     });\n     // Start observing the toggle button for attribute changes\n     const toggleButton = document.querySelector('button[role=\"switch\"]#Toggle0');\n     if (toggleButton) {\n         observer.observe(toggleButton, { attributes: true });\n     }\n\n  // hide / show did you test Digital subgrid depending on toggle\n     function toggleDivVisibilityDigital() {\n         const toggleButtonDigital = document.getElementById(\"Toggle1\");\n         const targetDivDigital = document.getElementById(\"subgridAdaIdDigital\");\n         if (toggleButtonDigital &amp;&amp; targetDivDigital) {\n             const isCheckedDigital = toggleButtonDigital.getAttribute(\"aria-checked\") === \"true\";\n             targetDivDigital.style.display = isCheckedDigital ? \"block\" : \"none\";\n         }\n     }\n     // Run the function initially\n     toggleDivVisibilityDigital();\n     // Attach an event listener to monitor toggle changes\n     document.body.addEventListener(\"click\", function (event) {\n         if (event.target &amp;&amp; event.target.id === \"Toggle1\") {\n             setTimeout(toggleDivVisibilityDigital, 50); // Small delay to allow attribute update\n         }\n     });\n\n  // Observe changes in the DOM\n     const observerDigital = new MutationObserver((mutations) =&gt; {\n         mutations.forEach((mutation) =&gt; {\n             if (mutation.type === \"attributes\" &amp;&amp; mutation.target.id === \"Toggle1\" &amp;&amp; mutation.attributeName === \"aria-checked\") {\n                 toggleDivVisibilityDigital();\n             }\n         });\n     });\n     // Start observing the toggle button for attribute changes\n     const toggleButtonDigitalObserver = document.querySelector('button[role=\"switch\"]#Toggle1');\n     if (toggleButtonDigitalObserver) {\n         observerDigital.observe(toggleButtonDigitalObserver, { attributes: true });\n     }\n\n   // end window.addEventListener\n   });\n&lt;/script&gt;\n\n\n&lt;div class=\"row sectionBlockLayout text-start\" style=\"display: flex; flex-wrap: wrap; margin: 0px; min-height: auto; padding: 0px;\"&gt;\n  &lt;div class=\"container\" style=\"display: flex; flex-wrap: wrap;\"&gt;&lt;div class=\"col-lg-12 columnBlockLayout\" style=\"flex-grow: 1; display: flex; flex-direction: column; min-width: 250px; padding: 16px; margin: 60px 0px;\"&gt;{% webform name: 'Campaign Edit Multistep' %}&lt;/div&gt;&lt;/div&gt;\n&lt;/div&gt;\n&lt;div class=\"row sectionBlockLayout text-start\" style=\"display: flex; flex-wrap: wrap; margin: 0px; min-height: auto; padding: 8px;\"&gt;\n  &lt;div class=\"container\" style=\"padding: 0px; display: flex; flex-wrap: wrap;\"&gt;\n    &lt;div class=\"col-lg-12 columnBlockLayout\" style=\"flex-grow: 1; display: flex; flex-direction: column; min-width: 250px;\"&gt;\n      &lt;p style=\"text-align: center;\"&gt;&lt;a id=\"campaigneditformbottom\"&gt;_&lt;/a&gt;&lt;br /&gt;&lt;/p&gt;\n    &lt;/div&gt;\n  &lt;/div&gt;\n&lt;/div&gt;",
  "publishingstateid": "bd64d8c8-7891-438a-aae6-778a9085930d",
  "enablerating": false,
  "enabletracking": false,
  "excludefromsearch": false,
  "hiddenfromsitemap": true,
  "sharedpageconfiguration": false,
  "feedbackpolicy": 756150000,
  "customcss": ".modal-content {\r\n    max-height: 500px;\r\n    max-width: 750px;\r\n    height: 100%; /* Optional - allows it to shrink if needed */\r\n    overflow-y: auto; /* Adds scroll if content exceeds 500px */\r\n}"
}</content>
  <iscustomizable>1</iscustomizable>
  <name>Campaign Edit</name>
  <powerpagecomponenttype>2</powerpagecomponenttype>
  <powerpagesiteid>
    <powerpagesiteid>f33b65cb-c6dc-4fb7-bd41-304a80528ec5</powerpagesiteid>
  </powerpagesiteid>
  <powerpagesitelanguageid>
    <powerpagesitelanguageid>6d6b14b9-6818-440b-8372-ef7a4ea533ce</powerpagesitelanguageid>
  </powerpagesitelanguageid>
  <searchcontent>Camp Edit&lt;script type="text/javascript"&gt;
   // document.addEventListener("DOMContentLoaded", function() {
   // });

   window.addEventListener('load', function() {
  debugger;
  // update any sharepoint links to open the tab in a new window, set the display name to "View File"
  makeBlanks = () =&gt; {
     Array.from(document.querySelectorAll("a"))
         .filter((what) =&gt; what.href.includes(".sharepoint.com/")) // Fix: use `includes` instead of `contains`
         .forEach((what) =&gt; {
             what.setAttribute("target", "_blank");
             // Update the display text with the actual href
             what.textContent = "View File";
         });
  };
  // also repeat every 1 sec if needed
  setInterval(makeBlanks, 1000);


  // hide / show did you test TV subgrid depending on toggle
     function toggleSubgridVisibility() {
         const toggleButton = document.querySelector('button[role="switch"]#Toggle0');
         const subgridDiv = document.getElementById('subgridAdaIdTV');
         if (!toggleButton || !subgridDiv) return; // Exit if elements are not found
         const isChecked = toggleButton.getAttribute('aria-checked') === "true";
         // Hide or show the div based on the toggle state
         subgridDiv.style.display = isChecked ? "block" : "none";
     }
     // Run initially in case elements are already in the DOM
     toggleSubgridVisibility();
     // Observe changes in the DOM
     const observer = new MutationObserver((mutations) =&gt; {
         mutations.forEach((mutation) =&gt; {
             if (mutation.type === "attributes" &amp;&amp; mutation.target.id === "Toggle0" &amp;&amp; mutation.attributeName === "aria-checked") {
                 toggleSubgridVisibility();
             }
         });
     });
     // Start observing the toggle button for attribute changes
     const toggleButton = document.querySelector('button[role="switch"]#Toggle0');
     if (toggleButton) {
         observer.observe(toggleButton, { attributes: true });
     }

  // hide / show did you test Digital subgrid depending on toggle
     function toggleDivVisibilityDigital() {
         const toggleButtonDigital = document.getElementById("Toggle1");
         const targetDivDigital = document.getElementById("subgridAdaIdDigital");
         if (toggleButtonDigital &amp;&amp; targetDivDigital) {
             const isCheckedDigital = toggleButtonDigital.getAttribute("aria-checked") === "true";
             targetDivDigital.style.display = isCheckedDigital ? "block" : "none";
         }
     }
     // Run the function initially
     toggleDivVisibilityDigital();
     // Attach an event listener to monitor toggle changes
     document.body.addEventListener("click", function (event) {
         if (event.target &amp;&amp; event.target.id === "Toggle1") {
             setTimeout(toggleDivVisibilityDigital, 50); // Small delay to allow attribute update
         }
     });

  // Observe changes in the DOM
     const observerDigital = new MutationObserver((mutations) =&gt; {
         mutations.forEach((mutation) =&gt; {
             if (mutation.type === "attributes" &amp;&amp; mutation.target.id === "Toggle1" &amp;&amp; mutation.attributeName === "aria-checked") {
                 toggleDivVisibilityDigital();
             }
         });
     });
     // Start observing the toggle button for attribute changes
     const toggleButtonDigitalObserver = document.querySelector('button[role="switch"]#Toggle1');
     if (toggleButtonDigitalObserver) {
         observerDigital.observe(toggleButtonDigitalObserver, { attributes: true });
     }

   // end window.addEventListener
   });
&lt;/script&gt;


&lt;div class="row sectionBlockLayout text-start" style="display: flex; flex-wrap: wrap; margin: 0px; min-height: auto; padding: 0px;"&gt;
  &lt;div class="container" style="display: flex; flex-wrap: wrap;"&gt;&lt;div class="col-lg-12 columnBlockLayout" style="flex-grow: 1; display: flex; flex-direction: column; min-width: 250px; padding: 16px; margin: 60px 0px;"&gt;{% webform name: 'Campaign Edit Multistep' %}&lt;/div&gt;&lt;/div&gt;
&lt;/div&gt;
&lt;div class="row sectionBlockLayout text-start" style="display: flex; flex-wrap: wrap; margin: 0px; min-height: auto; padding: 8px;"&gt;
  &lt;div class="container" style="padding: 0px; display: flex; flex-wrap: wrap;"&gt;
    &lt;div class="col-lg-12 columnBlockLayout" style="flex-grow: 1; display: flex; flex-direction: column; min-width: 250px;"&gt;
      &lt;p style="text-align: center;"&gt;&lt;a id="campaigneditformbottom"&gt;_&lt;/a&gt;&lt;br /&gt;&lt;/p&gt;
    &lt;/div&gt;
  &lt;/div&gt;
&lt;/div&gt;Campaign Edit</searchcontent>
  <statecode>0</statecode>
  <statuscode>1</statuscode>
</powerpagecomponent>