<powerpagecomponent powerpagecomponentid="a40d4595-4636-460e-ae3e-fbd8e5b8e4c9">
  <content>{"contentdisposition":756150000,"enabletracking":false,"excludefromsearch":false,"hiddenfromsitemap":false,"parentpageid":"1b27d9e9-baac-4073-b740-ded10fdedd82","partialurl":"Copy number 2.png","publishingstateid":"bd64d8c8-7891-438a-aae6-778a9085930d"}</content>
  <filecontent mimetype="application/octet-stream">Copy number 2.png</filecontent>
  <iscustomizable>1</iscustomizable>
  <name>Copy number 2.png</name>
  <powerpagecomponenttype>3</powerpagecomponenttype>
  <powerpagesiteid>
    <powerpagesiteid>f33b65cb-c6dc-4fb7-bd41-304a80528ec5</powerpagesiteid>
  </powerpagesiteid>
  <statecode>0</statecode>
  <statuscode>1</statuscode>
</powerpagecomponent>