<powerpagecomponent powerpagecomponentid="550cad78-1adc-4d90-aadb-ca9a55d10cf8">
  <content>{"display_name":"Footer","type":756150001,"value":"&lt;p class=\"smallText\"&gt;Copyright © &lt;span id=\"year\"&gt;{{ now | date: 'yyyy' }}&lt;/span&gt;. All rights reserved.&lt;/p&gt;"}</content>
  <iscustomizable>1</iscustomizable>
  <name>Footer</name>
  <powerpagecomponenttype>7</powerpagecomponenttype>
  <powerpagesiteid>
    <powerpagesiteid>f33b65cb-c6dc-4fb7-bd41-304a80528ec5</powerpagesiteid>
  </powerpagesiteid>
  <powerpagesitelanguageid>
    <powerpagesitelanguageid>6d6b14b9-6818-440b-8372-ef7a4ea533ce</powerpagesitelanguageid>
  </powerpagesitelanguageid>
  <statecode>0</statecode>
  <statuscode>1</statuscode>
</powerpagecomponent>