<powerpagecomponent powerpagecomponentid="1511a3ba-6053-49b3-811d-986010053fd6">
  <content>{
  "filecontent": null,
  "targetentitylogicalname": "mrcgvh_campaign",
  "webform": "765e0494-0d3e-4bf4-b518-edf80497c498",
  "formname": "Portal Edit",
  "movepreviouspermitted": true,
  "mode": 100000001,
  "maximumnooffiles": 5,
  "attachfilestoragelocation": 756150000,
  "attachfilemaxsize": null,
  "type": 100000001,
  "validationsummarylinksenabled": true,
  "referencequerystringisprimarykey": true,
  "hideformonsuccess": true,
  "entitypermissionsenabled": true,
  "geolocation_maptype": 756150000,
  "referenceentitysourcetype": 100000001,
  "entitysourcetype": 100000003,
  "tabname": "tabAssessments",
  "entitysourcestep": "77669544-0b91-4b6f-bc0c-618281fbf512",
  "nextstep": "8fa420ba-1fdd-ef11-a730-6045bdda6b8c",
  "submitbuttontext": "[{\"LCID\":1033,\"Value\":\"Submit Evalution\"}]",
  "webFormMetadatas": [
    "5fd1224e-1ddd-ef11-a730-6045bdda6b8c",
    "3a3cb98c-1fdd-ef11-a730-6045bdda6b8c"
  ]
}</content>
  <iscustomizable>1</iscustomizable>
  <name>Evaluate Campaign</name>
  <powerpagecomponenttype>20</powerpagecomponenttype>
  <powerpagesiteid>
    <powerpagesiteid>f33b65cb-c6dc-4fb7-bd41-304a80528ec5</powerpagesiteid>
  </powerpagesiteid>
  <statecode>0</statecode>
  <statuscode>1</statuscode>
</powerpagecomponent>