<powerpagecomponent powerpagecomponentid="a3ab966b-d4b9-4519-9bed-1184ec1518ea">
  <content>{
  "filecontent": null,
  "copy": "&lt;div class=\"row sectionBlockLayout text-start\" style=\"display: flex; flex-wrap: wrap; margin: 0px; min-height: auto; padding: 8px;\"&gt;\n  &lt;div class=\"container\" style=\"padding: 0px; display: flex; flex-wrap: wrap;\"&gt;&lt;div class=\"col-lg-12 columnBlockLayout\" style=\"flex-grow: 1; display: flex; flex-direction: column; min-width: 250px;\"&gt;{% include 'entity_list' key: 'All Campaigns' isModern:'true' AISummaryTitle: 'Summarized by AI' isAISummaryExpanded: 'true' isAISummaryEnabled: 'false'%}&lt;/div&gt;&lt;/div&gt;\n&lt;/div&gt;\n",
  "displayorder": 1,
  "enablerating": false,
  "enabletracking": false,
  "excludefromsearch": false,
  "feedbackpolicy": 756150005,
  "hiddenfromsitemap": false,
  "isroot": false,
  "pagetemplateid": "7bfe39f8-6842-4fb5-8e19-757ef861f186",
  "partialurl": "/",
  "publishingstateid": "bd64d8c8-7891-438a-aae6-778a9085930d",
  "rootwebpageid": "1b27d9e9-baac-4073-b740-ded10fdedd82",
  "sharedpageconfiguration": false,
  "summary": "&lt;p&gt;This is a sample landing page for you to start creating your website.&lt;/p&gt;",
  "title": "Home",
  "parentpageid": null
}</content>
  <iscustomizable>1</iscustomizable>
  <name>Home</name>
  <powerpagecomponenttype>2</powerpagecomponenttype>
  <powerpagesiteid>
    <powerpagesiteid>f33b65cb-c6dc-4fb7-bd41-304a80528ec5</powerpagesiteid>
  </powerpagesiteid>
  <powerpagesitelanguageid>
    <powerpagesitelanguageid>6d6b14b9-6818-440b-8372-ef7a4ea533ce</powerpagesitelanguageid>
  </powerpagesitelanguageid>
  <searchcontent>Home&lt;div class="row sectionBlockLayout text-start" style="display: flex; flex-wrap: wrap; margin: 0px; min-height: auto; padding: 8px;"&gt;
  &lt;div class="container" style="padding: 0px; display: flex; flex-wrap: wrap;"&gt;&lt;div class="col-lg-12 columnBlockLayout" style="flex-grow: 1; display: flex; flex-direction: column; min-width: 250px;"&gt;{% include 'entity_list' key: 'All Campaigns' isModern:'true' AISummaryTitle: 'Summarized by AI' isAISummaryExpanded: 'true' isAISummaryEnabled: 'false'%}&lt;/div&gt;&lt;/div&gt;
&lt;/div&gt;
Home</searchcontent>
  <statecode>0</statecode>
  <statuscode>1</statuscode>
</powerpagecomponent>