<powerpagecomponent powerpagecomponentid="39561674-59a4-ef11-8a69-7c1e525ae302">
  <content>{
  "isdefault": false,
  "usewebsiteheaderandfooter": true,
  "type": 756150001,
  "webtemplateid": "2bf114ca-0f36-4139-939d-e212c8e4e035",
  "entityname": "mspp_webpage"
}</content>
  <iscustomizable>1</iscustomizable>
  <name>Creative Ladder Basic Form Template</name>
  <powerpagecomponenttype>6</powerpagecomponenttype>
  <powerpagesiteid>
    <powerpagesiteid>f33b65cb-c6dc-4fb7-bd41-304a80528ec5</powerpagesiteid>
  </powerpagesiteid>
  <statecode>0</statecode>
  <statuscode>1</statuscode>
</powerpagecomponent>