<powerpagecomponent powerpagecomponentid="9f3a7e97-94b0-4a91-9d89-7c3f82ea7c14">
  <content>{
  "filecontent": null,
  "lcid": 1033,
  "entityname": "mrcgvh_campaignassessment",
  "formname": "Camp Assess Portal Edit",
  "mode": 100000001,
  "onsuccess": 756150000,
  "successmessage": "[{\"LCID\":1033,\"Value\":\"\"}]",
  "hideformonsuccess": true,
  "redirectwebpage": null,
  "redirecturl": null,
  "captcharequired": false,
  "showcaptchaforauthenticatedusers": false,
  "entitypermissionsenabled": true,
  "attachfilelabel": "[{\"LCID\":1033,\"Value\":\"\"}]",
  "attachfilestoragelocation": 756150000,
  "attachfilemaxsize": null,
  "maximumnooffiles": 5,
  "entitysourcetype": 756150001,
  "recordidquerystringparametername": "id",
  "copy": "undefined",
  "entityFormMetadatas": [],
  "geolocation_maptype": 756150000,
  "associatecurrentportaluser": false
}</content>
  <iscustomizable>1</iscustomizable>
  <name>Camp Assess Portal Edit</name>
  <powerpagecomponenttype>15</powerpagecomponenttype>
  <powerpagesiteid>
    <powerpagesiteid>f33b65cb-c6dc-4fb7-bd41-304a80528ec5</powerpagesiteid>
  </powerpagesiteid>
  <statecode>0</statecode>
  <statuscode>1</statuscode>
</powerpagecomponent>