<powerpagecomponent powerpagecomponentid="0f69325f-e134-449f-b151-f1b9f223805c">
  <content>{
  "label": "[{\"LCID\":1033,\"Value\":\"Id\"}]",
  "fieldisrequired": true,
  "requiredfieldvalidationerrormessage": "[{\"LCID\":1033,\"Value\":\"Make sure your Id is exactly 5 alphanumeric characters.\"}]",
  "useCustomErrorMessage": true,
  "adddescription": true,
  "descriptionposition": 100000000,
  "description": "[{\"LCID\":1033,\"Value\":\"Must be exactly 5 alphanumeric characters.\"}]",
  "validationMode": "regex",
  "validationregularexpression": "^.{5}$",
  "validationSimple": {
    "maxCharCount": "",
    "isRequired": false
  },
  "controlstyle": null,
  "addPrePopulate": false,
  "attributelogicalname": "mrcgvh_id",
  "entityform": "c7ea8a58-63a1-43ff-b563-7f117a1cfee1",
  "lcid": 1033,
  "validationregularexpressionerrormessage": "[{\"LCID\":1033,\"Value\":\"\"}]",
  "isPCFComponent": false,
  "fieldType": "StringType",
  "useattributedescriptionproperty": false,
  "telemetryData": {
    "fieldType": "StringType",
    "formId": "c7ea8a58-63a1-43ff-b563-7f117a1cfee1",
    "isPrePopulateEnabled": false
  },
  "type": 100000000
}</content>
  <iscustomizable>1</iscustomizable>
  <name>Ada Order Id Tv Portal Edit mrcgvh_id</name>
  <powerpagecomponenttype>16</powerpagecomponenttype>
  <powerpagesiteid>
    <powerpagesiteid>f33b65cb-c6dc-4fb7-bd41-304a80528ec5</powerpagesiteid>
  </powerpagesiteid>
  <statecode>0</statecode>
  <statuscode>1</statuscode>
</powerpagecomponent>