<powerpagecomponent powerpagecomponentid="e68452e4-43c9-ef11-b8e8-7c1e525ae302">
  <content>{
  "source": "&lt;div class=\"container\"&gt;\r\n\r\n{% assign is_evaluator = user | has_role: 'PCL Campaign Evaluators' %}\r\n{% if is_evaluator %}\r\n &lt;div class=\"page-heading\"&gt;\r\n\r\n  {% if user and user.parentcustomerid %}\r\n      &lt;p align=\"center\"&gt;Hello {{ user.fullname }}! As a campaign evaluator, your assigned Sector is: {{ user.parentcustomerid.name }}&lt;/p&gt;\r\n  {% else %}\r\n      &lt;p align=\"center\"&gt;Hello. As a campaign evaluator, you have no assigned Sector.&lt;/p&gt;\r\n  {% endif %}\r\n\r\n &lt;/div&gt;\r\n{% else %}\r\n{% endif %}\r\n\r\n\r\n  &lt;div class=\"row\"&gt;\r\n   {% block main %}\r\n    {% include 'Page Copy' %}\r\n   {% endblock %}\r\n &lt;/div&gt;\r\n&lt;/div&gt;"
}</content>
  <iscustomizable>1</iscustomizable>
  <name>Creative Ladder Custom Web Template</name>
  <powerpagecomponenttype>8</powerpagecomponenttype>
  <powerpagesiteid>
    <powerpagesiteid>f33b65cb-c6dc-4fb7-bd41-304a80528ec5</powerpagesiteid>
  </powerpagesiteid>
  <statecode>0</statecode>
  <statuscode>1</statuscode>
</powerpagecomponent>