<powerpagecomponent powerpagecomponentid="50fe7224-8bf6-c58a-e14f-414818b333ec">
  <content>{
  "displayorder": 17,
  "weblinksetid": "77f35997-8c18-4a45-bcd4-74d0b230aee5",
  "pageid": "71831ee8-cd8f-66af-d423-0aee0a689746",
  "publishingstateid": "bd64d8c8-7891-438a-aae6-778a9085930d",
  "displaypagevalidation": false,
  "displayimageonly": false,
  "displaypagechildlinks": false,
  "openinnewwindow": false,
  "robotsfollowlink": true
}</content>
  <iscustomizable>1</iscustomizable>
  <name>Ada Order Id TV</name>
  <powerpagecomponenttype>5</powerpagecomponenttype>
  <powerpagesiteid>
    <powerpagesiteid>f33b65cb-c6dc-4fb7-bd41-304a80528ec5</powerpagesiteid>
  </powerpagesiteid>
  <statecode>1</statecode>
  <statuscode>2</statuscode>
</powerpagecomponent>