<powerpagecomponent powerpagecomponentid="c184cbad-c35a-61ce-0bf6-5bb6a53c236e">
  <content>{"filecontent":null,"displayorder":15,"pagetemplateid":"7bfe39f8-6842-4fb5-8e19-757ef861f186","parentpageid":"1b27d9e9-baac-4073-b740-ded10fdedd82","partialurl":"Campaign-View","isroot":false,"rootwebpageid":"e8f0bf54-774e-e2a8-846e-00d7009b8d08","title":"Campaign View","summary":"&lt;p&gt;This is a sample landing page designed to be a starting point for your website&lt;/p&gt;","copy":"&lt;script type=\"text/javascript\"&gt;\n\n   window.addEventListener('load', function() {\n\n  // update any sharepoint links to open the tab in a new window, set the display name to \"View File\"\n  makeBlanks = () =&gt; {\n     Array.from(document.querySelectorAll(\"a\"))\n         .filter((what) =&gt; what.href.includes(\".sharepoint.com/\")) // Fix: use `includes` instead of `contains`\n         .forEach((what) =&gt; {\n             what.setAttribute(\"target\", \"_blank\");\n             // Update the display text with the actual href\n             what.textContent = \"View File\";\n         });\n  };\n  // also repeat every 1 sec if needed\n  setInterval(makeBlanks, 1000);\n\n  {% assign is_evaluator = user | has_role: 'PCL Campaign Evaluators' %} \n  {% if is_evaluator %}\n    document.querySelector('fieldset[aria-label=\"TV / Digital Testing\"]').style.display = 'none';\n  {% endif %}\n   });\n&lt;/script&gt;\n\n&lt;div class=\"row sectionBlockLayout text-start\" style=\"display: flex; flex-wrap: wrap; margin: 0px; min-height: auto; padding: 8px;\"&gt;\n  &lt;div class=\"container\" style=\"display: flex; flex-wrap: wrap;\"&gt;&lt;div class=\"col-lg-12 columnBlockLayout\" style=\"flex-grow: 1; display: flex; flex-direction: column; min-width: 250px; padding: 16px; margin: 60px 0px;\"&gt;{% entityform name: 'Campaign Portal View' %}&lt;/div&gt;&lt;/div&gt;\n&lt;/div&gt;\n","publishingstateid":"bd64d8c8-7891-438a-aae6-778a9085930d","enablerating":false,"enabletracking":false,"excludefromsearch":false,"hiddenfromsitemap":true,"sharedpageconfiguration":false,"feedbackpolicy":756150000}</content>
  <iscustomizable>1</iscustomizable>
  <name>Campaign View</name>
  <powerpagecomponenttype>2</powerpagecomponenttype>
  <powerpagesiteid>
    <powerpagesiteid>f33b65cb-c6dc-4fb7-bd41-304a80528ec5</powerpagesiteid>
  </powerpagesiteid>
  <powerpagesitelanguageid>
    <powerpagesitelanguageid>6d6b14b9-6818-440b-8372-ef7a4ea533ce</powerpagesitelanguageid>
  </powerpagesitelanguageid>
  <searchcontent>Campaign View&lt;script type="text/javascript"&gt;

   window.addEventListener('load', function() {

  // update any sharepoint links to open the tab in a new window, set the display name to "View File"
  makeBlanks = () =&gt; {
     Array.from(document.querySelectorAll("a"))
         .filter((what) =&gt; what.href.includes(".sharepoint.com/")) // Fix: use `includes` instead of `contains`
         .forEach((what) =&gt; {
             what.setAttribute("target", "_blank");
             // Update the display text with the actual href
             what.textContent = "View File";
         });
  };
  // also repeat every 1 sec if needed
  setInterval(makeBlanks, 1000);

  {% assign is_evaluator = user | has_role: 'PCL Campaign Evaluators' %} 
  {% if is_evaluator %}
    document.querySelector('fieldset[aria-label="TV / Digital Testing"]').style.display = 'none';
  {% endif %}
   });
&lt;/script&gt;

&lt;div class="row sectionBlockLayout text-start" style="display: flex; flex-wrap: wrap; margin: 0px; min-height: auto; padding: 8px;"&gt;
  &lt;div class="container" style="display: flex; flex-wrap: wrap;"&gt;&lt;div class="col-lg-12 columnBlockLayout" style="flex-grow: 1; display: flex; flex-direction: column; min-width: 250px; padding: 16px; margin: 60px 0px;"&gt;{% entityform name: 'Campaign Portal View' %}&lt;/div&gt;&lt;/div&gt;
&lt;/div&gt;
Campaign View</searchcontent>
  <statecode>0</statecode>
  <statuscode>1</statuscode>
</powerpagecomponent>