<powerpagecomponent powerpagecomponentid="4bc9cd44-4517-69b8-1d8a-210a8b426c36">
  <content>{
  "webpageid": "c5b3600f-c13b-d15a-3166-dce408d5efca",
  "right": 2,
  "scope": 2,
  "adx_webpageaccesscontrolrule_webrole": [
    "fbc51edf-079b-ef11-8a69-7c1e525ae302"
  ]
}</content>
  <iscustomizable>1</iscustomizable>
  <name>Restrict Read on All Execution Assets</name>
  <powerpagecomponenttype>10</powerpagecomponenttype>
  <powerpagesiteid>
    <powerpagesiteid>f33b65cb-c6dc-4fb7-bd41-304a80528ec5</powerpagesiteid>
  </powerpagesiteid>
  <statecode>0</statecode>
  <statuscode>1</statuscode>
</powerpagecomponent>