<powerpagecomponent powerpagecomponentid="8e454309-77de-4172-be9b-a792a284a744">
  <content>{
  "filecontent": null,
  "entityname": "PCL Campaigns - Applicants - Read All Campaigns",
  "entitylogicalname": "mrcgvh_campaign",
  "scope": 756150000,
  "append": false,
  "appendto": false,
  "delete": false,
  "read": true,
  "create": false,
  "write": false,
  "parentrelationship": null,
  "parententitypermission": null,
  "contactrelationship": null,
  "accountrelationship": null,
  "childTablePermissions": [],
  "adx_entitypermission_webrole": [
    "3a4c51d6-079b-ef11-8a69-7c1e525ae302"
  ]
}</content>
  <iscustomizable>1</iscustomizable>
  <name>PCL Campaigns - Applicants - Read All Campaigns</name>
  <powerpagecomponenttype>18</powerpagecomponenttype>
  <powerpagesiteid>
    <powerpagesiteid>f33b65cb-c6dc-4fb7-bd41-304a80528ec5</powerpagesiteid>
  </powerpagesiteid>
  <statecode>0</statecode>
  <statuscode>1</statuscode>
</powerpagecomponent>