<powerpagecomponent powerpagecomponentid="28369d45-a8a0-ef11-8a69-7c1e525ae302">
  <content>{
  "description": "[{\"LCID\":1033,\"Value\":\"Key supporting points behind your rating.\"}]",
  "attributelogicalname": "mrcgvh_reasoning",
  "type": 100000000,
  "fieldisrequired": false,
  "useattributedescriptionproperty": false,
  "descriptionposition": 100000000,
  "adddescription": true,
  "setvalueonsave": false,
  "ignoredefaultvalue": false,
  "randomizeoptionsetvalues": false,
  "entityform": "9f3a7e97-94b0-4a91-9d89-7c3f82ea7c14",
  "entityformforcreate": "9f3a7e97-94b0-4a91-9d89-7c3f82ea7c14"
}</content>
  <iscustomizable>1</iscustomizable>
  <name>Camp Assess Portal Edit mrcgvh_reasoning</name>
  <powerpagecomponenttype>16</powerpagecomponenttype>
  <powerpagesiteid>
    <powerpagesiteid>f33b65cb-c6dc-4fb7-bd41-304a80528ec5</powerpagesiteid>
  </powerpagesiteid>
  <statecode>0</statecode>
  <statuscode>1</statuscode>
</powerpagecomponent>