<powerpagecomponent powerpagecomponentid="5e1607ac-80e2-ef11-a730-7c1e52182fb0">
  <content>{
  "filecontent": null,
  "targetentityportaluserlookupattribute": "mrcgvh_portalcontactowner",
  "tabname": "tabgeneral",
  "formname": "Camp Assess Portal New",
  "targetentitylogicalname": "mrcgvh_campaignassessment",
  "geolocation_displaymap": false,
  "geolocation_enabled": false,
  "createautonumber": false,
  "loguser": false,
  "attachfilerestrictaccept": false,
  "attachfilerequired": false,
  "allowmultiplefiles": false,
  "attachfile": false,
  "redirecturlappendentityidquerystring": false,
  "appendquerystring": false,
  "referenceentityshowreadonlyform": false,
  "referencequerystringisprimarykey": true,
  "referenceentitysourcetype": 100000001,
  "populatereferenceentitylookupfield": false,
  "setentityreference": false,
  "hideformonsuccess": true,
  "showcaptchaforauthenticatedusers": false,
  "captcharequired": false,
  "validationsummarylinksenabled": true,
  "forceallfieldsrequired": false,
  "recommendedfieldsrequired": false,
  "showunsupportedfields": false,
  "showownerfields": false,
  "tooltipenabled": false,
  "renderwebresourcesinline": false,
  "portaluserlookupattributeisactivityparty": false,
  "associatecurrentportaluser": true,
  "autogeneratesteps": false,
  "mode": 100000000,
  "entitypermissionsenabled": true,
  "movepreviouspermitted": true,
  "type": 100000002,
  "editexistingrecordpermitted": false,
  "webform": "9b8f1f5f-1349-445f-8559-9e09a978abd1",
  "multiplerecordsperuserpermitted": false,
  "geolocation_maptype": 756150000,
  "nextstep": "0e6b5c27-a1df-ef11-a730-7c1e52182fb0",
  "registerstartupscript": "$(document).ready(function() {\r\n\t// first hide the campaign lookup : Find the label element by its ID\r\n\tconst labelElement = document.getElementById(\"mrcgvh_campaign_name\");\r\n\tif (labelElement) {\r\n\t\t// Find the parent div with class \"table-info required\"\r\n\t\tlet parentDiv = labelElement.closest(\".input-group\");\r\n\t\tif (parentDiv) {\r\n\t\t\tparentDiv.style.display = \"none\"; // Hide the parent div\r\n\t\t}\r\n\t};\r\n\t// also hide the label\r\n\tdocument.getElementById(\"mrcgvh_campaign_label\").style.display = \"none\";\r\n\r\n\r\n\t// get the campaign record\r\n\t{% assign parentCampaignRecord = entities['mrcgvh_campaign'][request.params.id] %}\r\n\t\r\n\tdebugger;\r\n\t// then set the campaign lookup\r\n\t$(\"#mrcgvh_campaign_name\").attr(\"value\", \" {{ parentCampaignRecord.mrcgvh_campaignname }} \");\r\n\t$(\"#mrcgvh_campaign\").attr(\"value\", \"{{ parentCampaignRecord.id }}\");\r\n\t$(\"#mrcgvh_campaign_entityname\").attr(\"value\", \"mrcgvh_campaign\");\r\n\r\n\t// Create variable for dropdown\r\n    var dropdownField = $(\"#mrcgvh_creativeladderrating\");\r\n\r\n\t// Find the closest form container (or adjust if your form container is different)\r\n    var formContainer = dropdownField.closest(\"form\");\r\n\r\n    if (dropdownField.length &amp;&amp; formContainer.length) {\r\n        // Create tooltip container\r\n        var tooltip = $(\"&lt;div id='custom-tooltip' style='position:absolute; display:none; background:white; border:1px solid #ccc; padding:5px; z-index:1000; padding:5px;'&gt;&lt;/div&gt;\").appendTo(\"body\");\r\n\t\t\r\n        // Set a fixed image URL for the tooltip\r\n        var tooltipImageUrl = \"https://site-qhmwq.powerappsportals.com/Camp-Asses-New-Multistep/creative_ladder.png\";\r\n\r\n        debugger; \r\n        \r\n\t\ttooltip.html(\"&lt;img src='\" + tooltipImageUrl + \"' width='600' height='800' alt='Creative Ladder'&gt;\");\r\n\r\n\t\t// Store the original width of the form container so it can be restored later.\r\n        var originalFormWidth = formContainer.css(\"width\");\r\n\r\n        dropdownField.on(\"mouseover\", function () {\r\n\t\t\t// Change the form container's width to 50%\r\n            formContainer.css(\"width\", \"50%\");\r\n\r\n            // Get the position of the dropdown field\r\n            var dropdownOffset = dropdownField.offset();\r\n            var dropdownWidth = dropdownField.outerWidth();\r\n\r\n            // Position the tooltip at the dropdown's top and halfway across its width\r\n            tooltip.css({\r\n                top: dropdownOffset.top, // Aligns with the dropdown's top\r\n                left: dropdownOffset.left + dropdownWidth + 10 // Places it to the right with a small gap\r\n            }).show();\r\n        });\r\n\r\n        dropdownField.on(\"mouseout\", function () {\r\n            tooltip.hide();\r\n\t\t\tformContainer.css(\"width\", originalFormWidth);\r\n        });\r\n    }\r\n\r\n});",
  "webFormMetadatas": [
    "23fa4b05-3d44-4211-835c-baf4dde46b74"
  ]
}</content>
  <iscustomizable>1</iscustomizable>
  <name>Step 2: Assess Campaign</name>
  <powerpagecomponenttype>20</powerpagecomponenttype>
  <powerpagesiteid>
    <powerpagesiteid>f33b65cb-c6dc-4fb7-bd41-304a80528ec5</powerpagesiteid>
  </powerpagesiteid>
  <statecode>0</statecode>
  <statuscode>1</statuscode>
</powerpagecomponent>