<powerpagecomponent powerpagecomponentid="0423e263-c82a-4c0d-9337-362af784f92d">
  <content>{
  "filecontent": null,
  "entityform": "dbb792a0-1975-45c4-b2a5-fc3625401998",
  "webformstep": "dbb792a0-1975-45c4-b2a5-fc3625401998",
  "type": 100000001,
  "label": "[{\"LCID\":1033,\"Value\":\"Assessments - assessors provide feedback here!&lt;br&gt;Please note: Your rating will not be visible to other assessors.\"}]",
  "sectionname": "tabgeneral_section_5",
  "copy": "undefined"
}</content>
  <iscustomizable>1</iscustomizable>
  <name>Campaign Portal Edit tabgeneral_section_5</name>
  <powerpagecomponenttype>16</powerpagecomponenttype>
  <powerpagesiteid>
    <powerpagesiteid>f33b65cb-c6dc-4fb7-bd41-304a80528ec5</powerpagesiteid>
  </powerpagesiteid>
  <statecode>0</statecode>
  <statuscode>1</statuscode>
</powerpagecomponent>