<powerpagecomponent powerpagecomponentid="debcabe0-20b0-4a1b-9714-70581205f0f4">
  <content>{
  "filecontent": null,
  "label": "[{\"LCID\":1033,\"Value\":\"Id\"}]",
  "fieldisrequired": true,
  "requiredfieldvalidationerrormessage": "[{\"LCID\":1033,\"Value\":\"Make sure your Id is exactly 6 digits.\"}]",
  "useCustomErrorMessage": true,
  "adddescription": true,
  "descriptionposition": 100000000,
  "description": "[{\"LCID\":1033,\"Value\":\"Must be exactly 6 digits.\"}]",
  "validationMode": "regex",
  "validationregularexpression": "^\\d{6}$",
  "validationSimple": {
    "maxCharCount": "",
    "isRequired": false
  },
  "controlstyle": null,
  "addPrePopulate": false,
  "attributelogicalname": "mrcgvh_id",
  "entityform": "e73b1c68-a84f-46ad-88f9-54d18c9d26d2",
  "lcid": 1033,
  "validationregularexpressionerrormessage": "[{\"LCID\":1033,\"Value\":\"\"}]",
  "isPCFComponent": false,
  "fieldType": "StringType",
  "useattributedescriptionproperty": false,
  "telemetryData": {
    "fieldType": "StringType",
    "formId": "e73b1c68-a84f-46ad-88f9-54d18c9d26d2",
    "isPrePopulateEnabled": false
  },
  "type": 100000000
}</content>
  <iscustomizable>1</iscustomizable>
  <name>Ada Order Id Digital Edit mrcgvh_id</name>
  <powerpagecomponenttype>16</powerpagecomponenttype>
  <powerpagesiteid>
    <powerpagesiteid>f33b65cb-c6dc-4fb7-bd41-304a80528ec5</powerpagesiteid>
  </powerpagesiteid>
  <statecode>0</statecode>
  <statuscode>1</statuscode>
</powerpagecomponent>