<powerpagecomponent powerpagecomponentid="ecc44149-ac67-4502-800f-41dea31a65ec">
  <content>{"source":"{% assign search_enabled = settings['search/enabled'] | boolean | default: true %}\r\n{% assign search_page = sitemarkers.Search %}\r\n{% if search_enabled and search_page %}\r\n  {% assign search_filters = settings['search/filters'] | search_filter_options %}\r\n\r\n&lt;form method='GET' action='{{ search_page.url | h }}' role='search' class='form-search'&gt;\r\n  &lt;div class='input-group' style=\"display:table;\"&gt;\r\n    {% if search_filters %}\r\n    {% assign defaultSearchFilterText = snippets['Search/Default/FilterText'] | default: resx.All | h %}\r\n    {% assign searchFilterLabel = snippets['Header/Search/FilterLabel'] | default: resx.Search_Filter | h %}\r\n    {% assign formId = uniqueid.new_guid %}\r\n    &lt;div class='btn-group btn-select input-group-btn' data-target='#filter-{{ formId }}' data-focus='#{{search_id}}' style=\"display:table-cell;text-align:right;\"&gt;\r\n      &lt;li class='dropdown-submenu dropdown nav-item'&gt;\r\n        &lt;button\r\n                id='search-filter'\r\n                type='button'\r\n                class='btn btn-default dropdown-toggle'\r\n                data-bs-toggle='dropdown'\r\n                aria-haspopup='true'\r\n                aria-label='{{ searchFilterLabel }}'\r\n                aria-expanded='false'\r\n                &gt;\r\n          &lt;span class='selected'&gt;{{ defaultSearchFilterText }}&lt;/span&gt;\r\n        &lt;/button&gt;\r\n        &lt;ul class='dropdown-menu' role='listbox' aria-label='{{ searchFilterLabel }}'&gt;\r\n          &lt;li role='presentation'&gt;\r\n            &lt;a\r\n               href='#'\r\n               role='option'\r\n               data-value=''\r\n               aria-label='{{ defaultSearchFilterText }}'\r\n               aria-selected='false'\r\n               tabIndex='-1'\r\n               &gt;\r\n              {{- defaultSearchFilterText -}}\r\n            &lt;/a&gt;\r\n          &lt;/li&gt;\r\n          {% for search_filter_option in search_filters %}\r\n          &lt;li role='presentation'&gt;\r\n            &lt;a\r\n               href='#'\r\n               role='option'\r\n               data-value='{{ search_filter_option.value | h }}'\r\n               aria-label='{{ search_filter_option.display_name | h }}'\r\n               aria-selected='false'\r\n               tabIndex='-1'\r\n               &gt;\r\n              {{- search_filter_option.display_name | h -}}\r\n            &lt;/a&gt;\r\n          &lt;/li&gt;\r\n          {% endfor %}\r\n        &lt;/ul&gt;\r\n      &lt;/li&gt;\r\n    &lt;/div&gt;\r\n    &lt;label for='filter-{{ formId }}' class='visually-hidden'&gt;{{ searchFilterLabel }}&lt;/label&gt;\r\n    &lt;select id='filter-{{ formId }}' name='logicalNames' class='btn-select' aria-hidden='true' data-query='logicalNames'&gt;\r\n      &lt;option value='' selected='selected'&gt;{{ defaultSearchFilterText }}&lt;/option&gt;\r\n      {% for search_filter_option in search_filters %}\r\n      &lt;option value='{{ search_filter_option.value | h }}'&gt;{{ search_filter_option.display_name | h }}&lt;/option&gt;\r\n      {% endfor %}\r\n    &lt;/select&gt;\r\n    {% endif %}\r\n\r\n    &lt;label for='{{search_id}}' class='visually-hidden'&gt;\r\n      {{ snippets['Header/Search/Label'] | default: resx.Search_DefaultText | h }}\r\n    &lt;/label&gt;\r\n    &lt;input\r\n           type='text'\r\n           class='form-control'\r\n           style=\"display:table-cell;width:100%;font-size:14px;padding-top:5px;margin-left:0px;\"\r\n           id='{{search_id}}'\r\n           name='q'\r\n           placeholder='{{ snippets[\"Header/Search/Label\"] | default: resx[\"Search_DefaultText\"] | h }}'\r\n           value='{{ params.q | escape }}'\r\n           title='{{ snippets[\"Header/Search/Label\"] | default: resx[\"Search_DefaultText\"] | h }}'\r\n           &gt;\r\n    &lt;div class='input-group-btn' style=\"display:table-cell;text-align:left;\"&gt;\r\n      &lt;button\r\n              type='submit'\r\n              class='btn btn-primary'\r\n              title='{{ snippets[\"Header/Search/ToolTip\"] | default: resx[\"Search_DefaultText\"] | h }}'\r\n              aria-label='{{ snippets[\"Header/Search/ToolTip\"] | default: resx[\"Search_DefaultText\"] | h }}'\r\n              &gt;\r\n        &lt;span class='fa fa-search' aria-hidden='true'&gt;&lt;/span&gt;\r\n      &lt;/button&gt;\r\n    &lt;/div&gt;\r\n  &lt;/div&gt;\r\n&lt;/form&gt;\r\n{% endif %}\r\n"}</content>
  <iscustomizable>1</iscustomizable>
  <name>Search</name>
  <powerpagecomponenttype>8</powerpagecomponenttype>
  <powerpagesiteid>
    <powerpagesiteid>f33b65cb-c6dc-4fb7-bd41-304a80528ec5</powerpagesiteid>
  </powerpagesiteid>
  <statecode>0</statecode>
  <statuscode>1</statuscode>
</powerpagecomponent>