<powerpagecomponent powerpagecomponentid="209b7058-2ce9-4df8-96a3-43331345c5dc">
  <content>{
  "filecontent": null,
  "entityname": "PCL Execution Assets - Admin",
  "entitylogicalname": "mrcgvh_executionasset",
  "scope": 756150000,
  "append": true,
  "appendto": true,
  "delete": true,
  "read": true,
  "create": true,
  "write": true,
  "parentrelationship": null,
  "parententitypermission": null,
  "contactrelationship": null,
  "accountrelationship": null,
  "childTablePermissions": [],
  "adx_entitypermission_webrole": [
    "3e6799cd-079b-ef11-8a69-7c1e525ae302"
  ]
}</content>
  <iscustomizable>1</iscustomizable>
  <name>PCL Execution Assets - Admin</name>
  <powerpagecomponenttype>18</powerpagecomponenttype>
  <powerpagesiteid>
    <powerpagesiteid>f33b65cb-c6dc-4fb7-bd41-304a80528ec5</powerpagesiteid>
  </powerpagesiteid>
  <statecode>0</statecode>
  <statuscode>1</statuscode>
</powerpagecomponent>