<powerpagecomponent powerpagecomponentid="bd5b9e9c-75ac-4069-a5e5-c70c1448896b">
  <content>{"createdOn":"2024-11-05T00:03:22.242Z","parentpageid":"1b27d9e9-baac-4073-b740-ded10fdedd82","publishingstateid":"bd64d8c8-7891-438a-aae6-778a9085930d","partialurl":"pepsicologo.png","title":"","summary":"","enabletracking":false,"excludefromsearch":false,"hiddenfromsitemap":false}</content>
  <filecontent mimetype="image/png">pepsicologo.png</filecontent>
  <iscustomizable>1</iscustomizable>
  <name>pepsicologo.png</name>
  <powerpagecomponenttype>3</powerpagecomponenttype>
  <powerpagesiteid>
    <powerpagesiteid>f33b65cb-c6dc-4fb7-bd41-304a80528ec5</powerpagesiteid>
  </powerpagesiteid>
  <statecode>0</statecode>
  <statuscode>1</statuscode>
</powerpagecomponent>