<powerpagecomponent powerpagecomponentid="4fff957f-a3ec-4ee2-beea-56ab04cfc60e">
  <content>{
  "entityname": "PCL Campaigns - Evaluators - Sector",
  "entitylogicalname": "mrcgvh_campaign",
  "scope": 756150002,
  "append": true,
  "appendto": true,
  "delete": false,
  "read": true,
  "create": false,
  "write": false,
  "parentrelationship": null,
  "parententitypermission": null,
  "contactrelationship": null,
  "accountrelationship": "mrcgvh_campaign_Sector_account",
  "childTablePermissions": [],
  "adx_entitypermission_webrole": [
    "fbc51edf-079b-ef11-8a69-7c1e525ae302"
  ]
}</content>
  <iscustomizable>1</iscustomizable>
  <name>PCL Campaigns - Evaluators - Sector</name>
  <powerpagecomponenttype>18</powerpagecomponenttype>
  <powerpagesiteid>
    <powerpagesiteid>f33b65cb-c6dc-4fb7-bd41-304a80528ec5</powerpagesiteid>
  </powerpagesiteid>
  <statecode>0</statecode>
  <statuscode>1</statuscode>
</powerpagecomponent>