<powerpagecomponent powerpagecomponentid="161aeee8-2c0a-4f2a-b612-a7aef4dbae1e">
  <content>{
  "lcid": 1033,
  "entityname": "mrcgvh_executionasset",
  "formname": "Exec Asset Portal New",
  "mode": 100000000,
  "onsuccess": 756150000,
  "hideformonsuccess": true,
  "redirectwebpage": null,
  "redirecturl": null,
  "captcharequired": false,
  "showcaptchaforauthenticatedusers": false,
  "entitypermissionsenabled": true,
  "attachfilestoragelocation": 756150000,
  "attachfilemaxsize": null,
  "maximumnooffiles": 5,
  "entitysourcetype": null,
  "recordidquerystringparametername": null,
  "copy": "undefined",
  "geolocation_maptype": 756150000
}</content>
  <iscustomizable>1</iscustomizable>
  <name>Execution Asset Portal New</name>
  <powerpagecomponenttype>15</powerpagecomponenttype>
  <powerpagesiteid>
    <powerpagesiteid>f33b65cb-c6dc-4fb7-bd41-304a80528ec5</powerpagesiteid>
  </powerpagesiteid>
  <statecode>0</statecode>
  <statuscode>1</statuscode>
</powerpagecomponent>