<powerpagecomponent powerpagecomponentid="531815e5-2808-4cbc-a7cf-6864f2507330">
  <content>{"enablerating":false,"enabletracking":false,"excludefromsearch":true,"feedbackpolicy":756150000,"hiddenfromsitemap":true,"isroot":true,"pagetemplateid":"7bfe39f8-6842-4fb5-8e19-757ef861f186","parentpageid":"1b27d9e9-baac-4073-b740-ded10fdedd82","partialurl":"access-denied","publishingstateid":"bd64d8c8-7891-438a-aae6-778a9085930d","sharedpageconfiguration":false}</content>
  <iscustomizable>1</iscustomizable>
  <name>Access Denied</name>
  <powerpagecomponenttype>2</powerpagecomponenttype>
  <powerpagesiteid>
    <powerpagesiteid>f33b65cb-c6dc-4fb7-bd41-304a80528ec5</powerpagesiteid>
  </powerpagesiteid>
  <searchcontent>Access Denied</searchcontent>
  <statecode>0</statecode>
  <statuscode>1</statuscode>
</powerpagecomponent>