<powerpagecomponent powerpagecomponentid="1c758991-9c26-8d57-7d19-dea082123404">
  <content>{
  "displayorder": 21,
  "weblinksetid": "77f35997-8c18-4a45-bcd4-74d0b230aee5",
  "pageid": "fc178cc9-7fc6-6de4-b0b6-2741f233efd1",
  "publishingstateid": "bd64d8c8-7891-438a-aae6-778a9085930d",
  "displaypagevalidation": false,
  "displayimageonly": false,
  "displaypagechildlinks": false,
  "openinnewwindow": false,
  "robotsfollowlink": true
}</content>
  <iscustomizable>1</iscustomizable>
  <name>Browse All Campaigns</name>
  <powerpagecomponenttype>5</powerpagecomponenttype>
  <powerpagesiteid>
    <powerpagesiteid>f33b65cb-c6dc-4fb7-bd41-304a80528ec5</powerpagesiteid>
  </powerpagesiteid>
  <statecode>1</statecode>
  <statuscode>2</statuscode>
</powerpagecomponent>