<powerpagecomponent powerpagecomponentid="9e8030a1-9bfb-ef11-bae3-000d3a55d774">
  <content>{
  "minmultiplechoiceselectedcount": 1,
  "attributelogicalname": "mrcgvh_brand",
  "controlstyle": 100000007,
  "type": 100000000,
  "fieldisrequired": false,
  "useattributedescriptionproperty": true,
  "descriptionposition": 100000000,
  "adddescription": false,
  "setvalueonsave": false,
  "ignoredefaultvalue": false,
  "randomizeoptionsetvalues": false,
  "entityformforcreate": "2ecd8344-2b3c-449d-a05a-beb2afb2789a",
  "entityform": "2ecd8344-2b3c-449d-a05a-beb2afb2789a"
}</content>
  <iscustomizable>1</iscustomizable>
  <name>Campaign Portal View mrcgvh_brand</name>
  <powerpagecomponenttype>16</powerpagecomponenttype>
  <powerpagesiteid>
    <powerpagesiteid>f33b65cb-c6dc-4fb7-bd41-304a80528ec5</powerpagesiteid>
  </powerpagesiteid>
  <statecode>0</statecode>
  <statuscode>1</statuscode>
</powerpagecomponent>