<powerpagecomponent powerpagecomponentid="11b9bc43-ede0-4775-867c-64f8b97c6fac">
  <content>{
  "filecontent": null,
  "entityname": "PCL Campaigns - Evaluators - Global",
  "entitylogicalname": "mrcgvh_campaign",
  "scope": 756150000,
  "append": false,
  "appendto": false,
  "delete": false,
  "read": true,
  "create": false,
  "write": false,
  "parentrelationship": null,
  "parententitypermission": null,
  "contactrelationship": null,
  "accountrelationship": null,
  "childTablePermissions": [],
  "adx_entitypermission_webrole": [
    "fbc51edf-079b-ef11-8a69-7c1e525ae302"
  ]
}</content>
  <iscustomizable>1</iscustomizable>
  <name>PCL Campaigns - Evaluators - Global</name>
  <powerpagecomponenttype>18</powerpagecomponenttype>
  <powerpagesiteid>
    <powerpagesiteid>f33b65cb-c6dc-4fb7-bd41-304a80528ec5</powerpagesiteid>
  </powerpagesiteid>
  <statecode>1</statecode>
  <statuscode>2</statuscode>
</powerpagecomponent>