<powerpagecomponent powerpagecomponentid="c3a6e12c-80cc-ef11-b8e8-7c1e525ae302">
  <content>{
  "filecontent": null,
  "entitysourcetype": 100000003,
  "tabname": "tabstep2",
  "formname": "Portal New",
  "targetentitylogicalname": "mrcgvh_campaign",
  "geolocation_displaymap": false,
  "geolocation_enabled": false,
  "createautonumber": false,
  "loguser": false,
  "attachfilerestrictaccept": false,
  "attachfilerequired": false,
  "allowmultiplefiles": false,
  "attachfile": false,
  "redirecturlappendentityidquerystring": false,
  "appendquerystring": false,
  "referenceentityshowreadonlyform": false,
  "referencequerystringisprimarykey": true,
  "referenceentitysourcetype": 100000001,
  "populatereferenceentitylookupfield": false,
  "setentityreference": false,
  "hideformonsuccess": true,
  "showcaptchaforauthenticatedusers": false,
  "captcharequired": false,
  "validationsummarylinksenabled": true,
  "forceallfieldsrequired": false,
  "recommendedfieldsrequired": false,
  "showunsupportedfields": false,
  "showownerfields": false,
  "tooltipenabled": false,
  "renderwebresourcesinline": false,
  "portaluserlookupattributeisactivityparty": false,
  "associatecurrentportaluser": false,
  "autogeneratesteps": false,
  "mode": 100000001,
  "entitypermissionsenabled": true,
  "movepreviouspermitted": true,
  "type": 100000002,
  "editexistingrecordpermitted": false,
  "webform": "56c3ccd0-7ecc-ef11-b8e8-7c1e525ae302",
  "multiplerecordsperuserpermitted": false,
  "geolocation_maptype": 756150000,
  "webFormMetadatas": [],
  "successmessage": "[{\"LCID\":1033}]",
  "submitbuttontext": "[{\"LCID\":1033,\"Value\":\"Save\"}]",
  "nextstep": "e7f92905-6cd3-ef11-8ee9-000d3a1d3326"
}</content>
  <iscustomizable>1</iscustomizable>
  <name>Step 2: Enter Remaining Information</name>
  <powerpagecomponenttype>20</powerpagecomponenttype>
  <powerpagesiteid>
    <powerpagesiteid>f33b65cb-c6dc-4fb7-bd41-304a80528ec5</powerpagesiteid>
  </powerpagesiteid>
  <statecode>0</statecode>
  <statuscode>1</statuscode>
</powerpagecomponent>