<powerpagecomponent powerpagecomponentid="e07d2734-e44f-057b-fcb5-5d684414f938">
  <content>{
  "displayorder": 9,
  "weblinksetid": "77f35997-8c18-4a45-bcd4-74d0b230aee5",
  "pageid": "e6f4b869-9600-c7c4-7cd4-ae11d6ad1c90",
  "publishingstateid": "bd64d8c8-7891-438a-aae6-778a9085930d",
  "displaypagevalidation": false,
  "displayimageonly": false,
  "displaypagechildlinks": false,
  "openinnewwindow": false,
  "robotsfollowlink": true,
  "copy": "undefined"
}</content>
  <iscustomizable>1</iscustomizable>
  <name>Exec Asset Multistep Page</name>
  <powerpagecomponenttype>5</powerpagecomponenttype>
  <powerpagesiteid>
    <powerpagesiteid>f33b65cb-c6dc-4fb7-bd41-304a80528ec5</powerpagesiteid>
  </powerpagesiteid>
  <statecode>1</statecode>
  <statuscode>2</statuscode>
</powerpagecomponent>