<powerpagesitelanguages>
  <powerpagesitelanguage powerpagesitelanguageid="6d6b14b9-6818-440b-8372-ef7a4ea533ce">
    <content>{"publishingstate":"bd64d8c8-7891-438a-aae6-778a9085930d","systemlanguage":1033}</content>
    <displayname>English</displayname>
    <iscustomizable>1</iscustomizable>
    <languagecode>en-US</languagecode>
    <lcid>1033</lcid>
    <name>English</name>
    <powerpagesiteid>
      <powerpagesiteid>f33b65cb-c6dc-4fb7-bd41-304a80528ec5</powerpagesiteid>
    </powerpagesiteid>
    <statecode>0</statecode>
    <statuscode>1</statuscode>
  </powerpagesitelanguage>
</powerpagesitelanguages>