<powerpagecomponent powerpagecomponentid="d923ed29-5c71-478b-b2bc-50f59b71cecc">
  <content>{
  "filecontent": null,
  "disablepagevalidation": false,
  "displayimageonly": false,
  "displayorder": 1,
  "displaypagechildlinks": false,
  "openinnewwindow": false,
  "pageid": "dee1d0db-c17b-43cb-8ec8-9316436bc282",
  "parentweblinkid": "ee487fea-fadd-4388-b33c-b86ab9dab668",
  "publishingstateid": "bd64d8c8-7891-438a-aae6-778a9085930d",
  "robotsfollowlink": true,
  "weblinksetid": "77f35997-8c18-4a45-bcd4-74d0b230aee5",
  "copy": "undefined"
}</content>
  <iscustomizable>1</iscustomizable>
  <name>Subpage one</name>
  <powerpagecomponenttype>5</powerpagecomponenttype>
  <powerpagesiteid>
    <powerpagesiteid>f33b65cb-c6dc-4fb7-bd41-304a80528ec5</powerpagesiteid>
  </powerpagesiteid>
  <statecode>1</statecode>
  <statuscode>2</statuscode>
</powerpagecomponent>