<powerpagecomponent powerpagecomponentid="95b147ea-a66e-f7d1-79bf-3ea1b1185dc7">
  <content>{
  "filecontent": null,
  "displayorder": 20,
  "pagetemplateid": "8cec361b-45c9-ef11-b8e8-7c1e525ae302",
  "parentpageid": "1b27d9e9-baac-4073-b740-ded10fdedd82",
  "partialurl": "All-My-Campaigns",
  "isroot": false,
  "rootwebpageid": "43368bdf-4a85-dc3d-d012-7060228068e9",
  "title": "All My Campaigns",
  "summary": "&lt;p&gt;This is a sample landing page designed to be a starting point for your website&lt;/p&gt;",
  "copy": "&lt;script type=\"text/javascript\"&gt;\n\ndocument.addEventListener(\"DOMContentLoaded\", function () {\n\n\t// on load hide all the lists\n\tfunction toggleFilterElement(filterId, show) {\n\t\tconst label = document.querySelector(`label[data-filter-id=\"${filterId}\"]`);\n\t\t\n\t\tif (label) {\n\t\t\tconst parentListItem = label.closest(\".entitylist-filter-option-group\");\n\t\t\t\n\t\t\tif (parentListItem) {\n\t\t\t\tparentListItem.style.display = show ? \"\" : \"none\";\n\t\t\t}\n\t\t}\n\t};\n\n    // Loop through filter IDs 2 to 7 and call hideFilterOptions\n    for (let i = 2; i &lt;= 7; i++) {\n        toggleFilterElement(i, false);\n    }\n\t\n\t// Id's of Market filter controls\n\t// LATAM\t2\n\t// APAC \t3\n\t// AMESA\t4\n\t// PBNA\t\t5\n\t// EUROPE\t6\n\t// PFNA\t\t7\n\n\t// on change of sector\n\t//       hide all the markets\n\t//       show the specific market\n\n    const dropdown = document.getElementById(\"dropdown_0\");\n    if (dropdown) {\n        dropdown.addEventListener(\"change\", function () {\n\t\t\t\n\t\t\tdebugger;\n\t\t\t// hide all filters first\n\t\t\t// Loop through filter IDs 1 to 7 and call toggleFilterElement\n\t\t\tfor (let i = 1; i &lt;= 7; i++) {\n\t\t\t\ttoggleFilterElement(i, false);\n\t\t\t};\n\t\t\t\n\t\t\tconst selectedText = dropdown.options[dropdown.selectedIndex].innerHTML.trim();\n\t\t\tswitch (selectedText) {\n\t\t\t\tcase \"AMESA\":\n\t\t\t\t\ttoggleFilterElement(4, true);\n\t\t\t\t\tbreak;\n\t\t\t\tcase \"APAC\":\n\t\t\t\t\ttoggleFilterElement(3, true);\n\t\t\t\t\tbreak;\n\t\t\t\tcase \"EUROPE\":\n\t\t\t\t\ttoggleFilterElement(6, true);\n\t\t\t\t\tbreak;\n\t\t\t\tcase \"LATAM\":\n\t\t\t\t\ttoggleFilterElement(2, true);\n\t\t\t\t\tbreak;\n\t\t\t\tcase \"PBNA\":\n\t\t\t\t\ttoggleFilterElement(5, true);\n\t\t\t\t\tbreak;\n\t\t\t\tcase \"PFNA\":\n\t\t\t\t\ttoggleFilterElement(7, true);\n\t\t\t\t\tbreak;\n\t\t\t\t\t// All\n\t\t\t\tcase \"\":\n\t\t\t\t\ttoggleFilterElement(1, true);\n\t\t\t\t\tbreak;\t\t\t\t\t\t\t\n\t\t\t\tdefault:\n\t\t\t\t\tconsole.log(\"No valid selection\");\n\t\t\t};\n\t\t\t\n\t\t// end addEventListener\n        });\n\t\n    }; // end if dropdown\n\t\n});\n\n&lt;/script&gt;\n\n&lt;div class=\"row sectionBlockLayout text-start\" style=\"display: flex; flex-wrap: wrap; margin: 0px; min-height: auto; padding: 8px;\"&gt;\n  &lt;div class=\"container\" style=\"display: flex; flex-wrap: wrap;\"&gt;&lt;div class=\"col-lg-12 columnBlockLayout\" style=\"flex-grow: 1; display: flex; flex-direction: column; min-width: 250px; padding: 16px; margin: 60px 0px;\"&gt;{% include 'entity_list' key: 'Applicant Campaigns Long Portal List' %}&lt;/div&gt;&lt;/div&gt;\n&lt;/div&gt;",
  "publishingstateid": "bd64d8c8-7891-438a-aae6-778a9085930d",
  "enablerating": false,
  "enabletracking": false,
  "excludefromsearch": false,
  "hiddenfromsitemap": true,
  "sharedpageconfiguration": false,
  "feedbackpolicy": 756150000
}</content>
  <iscustomizable>1</iscustomizable>
  <name>All My Campaigns</name>
  <powerpagecomponenttype>2</powerpagecomponenttype>
  <powerpagesiteid>
    <powerpagesiteid>f33b65cb-c6dc-4fb7-bd41-304a80528ec5</powerpagesiteid>
  </powerpagesiteid>
  <powerpagesitelanguageid>
    <powerpagesitelanguageid>6d6b14b9-6818-440b-8372-ef7a4ea533ce</powerpagesitelanguageid>
  </powerpagesitelanguageid>
  <searchcontent>All My Campaigns&lt;script type="text/javascript"&gt;

document.addEventListener("DOMContentLoaded", function () {

	// on load hide all the lists
	function toggleFilterElement(filterId, show) {
		const label = document.querySelector(`label[data-filter-id="${filterId}"]`);
		
		if (label) {
			const parentListItem = label.closest(".entitylist-filter-option-group");
			
			if (parentListItem) {
				parentListItem.style.display = show ? "" : "none";
			}
		}
	};

    // Loop through filter IDs 2 to 7 and call hideFilterOptions
    for (let i = 2; i &lt;= 7; i++) {
        toggleFilterElement(i, false);
    }
	
	// Id's of Market filter controls
	// LATAM	2
	// APAC 	3
	// AMESA	4
	// PBNA		5
	// EUROPE	6
	// PFNA		7

	// on change of sector
	//       hide all the markets
	//       show the specific market

    const dropdown = document.getElementById("dropdown_0");
    if (dropdown) {
        dropdown.addEventListener("change", function () {
			
			debugger;
			// hide all filters first
			// Loop through filter IDs 1 to 7 and call toggleFilterElement
			for (let i = 1; i &lt;= 7; i++) {
				toggleFilterElement(i, false);
			};
			
			const selectedText = dropdown.options[dropdown.selectedIndex].innerHTML.trim();
			switch (selectedText) {
				case "AMESA":
					toggleFilterElement(4, true);
					break;
				case "APAC":
					toggleFilterElement(3, true);
					break;
				case "EUROPE":
					toggleFilterElement(6, true);
					break;
				case "LATAM":
					toggleFilterElement(2, true);
					break;
				case "PBNA":
					toggleFilterElement(5, true);
					break;
				case "PFNA":
					toggleFilterElement(7, true);
					break;
					// All
				case "":
					toggleFilterElement(1, true);
					break;							
				default:
					console.log("No valid selection");
			};
			
		// end addEventListener
        });
	
    }; // end if dropdown
	
});

&lt;/script&gt;

&lt;div class="row sectionBlockLayout text-start" style="display: flex; flex-wrap: wrap; margin: 0px; min-height: auto; padding: 8px;"&gt;
  &lt;div class="container" style="display: flex; flex-wrap: wrap;"&gt;&lt;div class="col-lg-12 columnBlockLayout" style="flex-grow: 1; display: flex; flex-direction: column; min-width: 250px; padding: 16px; margin: 60px 0px;"&gt;{% include 'entity_list' key: 'Applicant Campaigns Long Portal List' %}&lt;/div&gt;&lt;/div&gt;
&lt;/div&gt;All My Campaigns</searchcontent>
  <statecode>0</statecode>
  <statuscode>1</statuscode>
</powerpagecomponent>