<powerpagecomponent powerpagecomponentid="9851911d-e0a9-4b76-9c6b-818985e9a7e1">
  <content>{"contentdisposition":756150000,"enabletracking":false,"excludefromsearch":false,"hiddenfromsitemap":false,"parentpageid":"dee1d0db-c17b-43cb-8ec8-9316436bc282","partialurl":"sub1.png","publishingstateid":"bd64d8c8-7891-438a-aae6-778a9085930d"}</content>
  <filecontent mimetype="application/octet-stream">sub1.png</filecontent>
  <iscustomizable>1</iscustomizable>
  <name>sub1.png</name>
  <powerpagecomponenttype>3</powerpagecomponenttype>
  <powerpagesiteid>
    <powerpagesiteid>f33b65cb-c6dc-4fb7-bd41-304a80528ec5</powerpagesiteid>
  </powerpagesiteid>
  <statecode>0</statecode>
  <statuscode>1</statuscode>
</powerpagecomponent>