<powerpagecomponent powerpagecomponentid="765e0494-0d3e-4bf4-b518-edf80497c498">
  <content>{
  "progressindicatorenabled": true,
  "multiplerecordsperuserpermitted": false,
  "progressindicatorposition": 756150000,
  "editexistingrecordpermitted": true,
  "webFormSteps": [
    "77669544-0b91-4b6f-bc0c-618281fbf512",
    "1511a3ba-6053-49b3-811d-986010053fd6"
  ],
  "startstep": "77669544-0b91-4b6f-bc0c-618281fbf512",
  "progressindicatortype": 756150000,
  "progressindicatorprependstepnum": true
}</content>
  <iscustomizable>1</iscustomizable>
  <name>Camp Asses Multistep Form Portal</name>
  <powerpagecomponenttype>19</powerpagecomponenttype>
  <powerpagesiteid>
    <powerpagesiteid>f33b65cb-c6dc-4fb7-bd41-304a80528ec5</powerpagesiteid>
  </powerpagesiteid>
  <statecode>0</statecode>
  <statuscode>1</statuscode>
</powerpagecomponent>