<powerpagecomponent powerpagecomponentid="1fa2a047-5344-4db5-ae14-1d01b1d56f61">
  <content>{
  "filecontent": null,
  "targetentitylogicalname": "mrcgvh_executionasset",
  "webform": "032157e0-8b92-4453-9ad6-982b91a77801",
  "formname": "Portal View Edit",
  "successmessage": "[{\"LCID\":1033}]",
  "movepreviouspermitted": true,
  "mode": 100000001,
  "maximumnooffiles": 5,
  "attachfilestoragelocation": 756150000,
  "attachfilemaxsize": null,
  "type": 100000002,
  "validationsummarylinksenabled": true,
  "referencequerystringisprimarykey": true,
  "hideformonsuccess": true,
  "entitypermissionsenabled": true,
  "copy": "undefined",
  "webFormMetadatas": [],
  "geolocation_maptype": 756150000,
  "referenceentitysourcetype": 100000001,
  "tabname": "tab_2",
  "entitysourcetype": 100000003,
  "entitysourcestep": "0a1efcbd-152d-498a-952f-3c7b6689a58c",
  "captcharequired": false,
  "showcaptchaforauthenticatedusers": false
}</content>
  <iscustomizable>1</iscustomizable>
  <name>Asset Upload</name>
  <powerpagecomponenttype>20</powerpagecomponenttype>
  <powerpagesiteid>
    <powerpagesiteid>f33b65cb-c6dc-4fb7-bd41-304a80528ec5</powerpagesiteid>
  </powerpagesiteid>
  <statecode>0</statecode>
  <statuscode>1</statuscode>
</powerpagecomponent>