<powerpagecomponent powerpagecomponentid="12d52568-4ccd-ef11-b8e8-7c1e525ae302">
  <content>{
  "validationregularexpressionerrormessage": "[{\"LCID\":1033,\"Value\":\"The Id must be 5 characters long.\"}]",
  "validationregularexpression": "^\\d{6}$",
  "attributelogicalname": "mrcgvh_adaorderiddigitalid",
  "type": 100000000,
  "fieldisrequired": false,
  "useattributedescriptionproperty": false,
  "descriptionposition": 100000000,
  "adddescription": true,
  "setvalueonsave": false,
  "ignoredefaultvalue": false,
  "randomizeoptionsetvalues": false,
  "entityform": "e73b1c68-a84f-46ad-88f9-54d18c9d26d2",
  "entityformforcreate": "e73b1c68-a84f-46ad-88f9-54d18c9d26d2",
  "description": "[{\"LCID\":1033,\"Value\":\"Must be exactly 6 digits.\"}]"
}</content>
  <iscustomizable>1</iscustomizable>
  <name>Ada Order Id Digital Edit mrcgvh_adaorderiddigitalid</name>
  <powerpagecomponenttype>16</powerpagecomponenttype>
  <powerpagesiteid>
    <powerpagesiteid>f33b65cb-c6dc-4fb7-bd41-304a80528ec5</powerpagesiteid>
  </powerpagesiteid>
  <statecode>0</statecode>
  <statuscode>1</statuscode>
</powerpagecomponent>