<powerpagecomponent powerpagecomponentid="edb936b5-50f7-44e4-b04b-556ebfe2fb8a">
  <content>{
  "displayorder": 24,
  "weblinksetid": "77f35997-8c18-4a45-bcd4-74d0b230aee5",
  "pageid": "002079b1-829a-360e-1a67-8dadaf5029fd",
  "publishingstateid": "bd64d8c8-7891-438a-aae6-778a9085930d",
  "displaypagevalidation": false,
  "displayimageonly": false,
  "displaypagechildlinks": false,
  "openinnewwindow": false,
  "robotsfollowlink": true
}</content>
  <iscustomizable>1</iscustomizable>
  <name>Camp Eval Multistep Portal-deleted</name>
  <powerpagecomponenttype>5</powerpagecomponenttype>
  <powerpagesiteid>
    <powerpagesiteid>f33b65cb-c6dc-4fb7-bd41-304a80528ec5</powerpagesiteid>
  </powerpagesiteid>
  <statecode>1</statecode>
  <statuscode>2</statuscode>
</powerpagecomponent>