<powerpagecomponent powerpagecomponentid="ec3f8f5d-df3d-468f-846f-203e2b1af8f5">
  <content>{"disablepagevalidation":false,"displayimageonly":false,"displayorder":1,"displaypagechildlinks":false,"openinnewwindow":false,"pageid":"cc66104f-bfc3-48a6-baac-b906c0a76471","publishingstateid":"bd64d8c8-7891-438a-aae6-778a9085930d","robotsfollowlink":true,"weblinksetid":"e8861bac-f2bd-4503-afaf-a33f635d376b"}</content>
  <iscustomizable>1</iscustomizable>
  <name>Profile</name>
  <powerpagecomponenttype>5</powerpagecomponenttype>
  <powerpagesiteid>
    <powerpagesiteid>f33b65cb-c6dc-4fb7-bd41-304a80528ec5</powerpagesiteid>
  </powerpagesiteid>
  <statecode>0</statecode>
  <statuscode>1</statuscode>
</powerpagecomponent>