<powerpagecomponent powerpagecomponentid="b8451f80-1ea9-44e8-acf8-5f88ece2e11d">
  <content>{
  "filecontent": null,
  "entityname": "PCL Applicant Ada Order Id TV",
  "entitylogicalname": "mrcgvh_adaorderidtv",
  "scope": 756150003,
  "append": true,
  "appendto": true,
  "delete": true,
  "read": true,
  "create": true,
  "write": true,
  "parentrelationship": "mrcgvh_adaorderidtv_Campaign_mrcgvh_campaign",
  "parententitypermission": "5c28837f-6494-4429-9211-da81018d668f",
  "contactrelationship": null,
  "accountrelationship": null,
  "childTablePermissions": [],
  "adx_entitypermission_webrole": []
}</content>
  <iscustomizable>1</iscustomizable>
  <name>PCL Applicant Ada Order Id TV</name>
  <powerpagecomponenttype>18</powerpagecomponenttype>
  <powerpagesiteid>
    <powerpagesiteid>f33b65cb-c6dc-4fb7-bd41-304a80528ec5</powerpagesiteid>
  </powerpagesiteid>
  <statecode>0</statecode>
  <statuscode>1</statuscode>
</powerpagecomponent>