<powerpagecomponent powerpagecomponentid="8cec361b-45c9-ef11-b8e8-7c1e525ae302">
  <content>{
  "isdefault": false,
  "usewebsiteheaderandfooter": true,
  "type": 756150001,
  "webtemplateid": "e68452e4-43c9-ef11-b8e8-7c1e525ae302"
}</content>
  <iscustomizable>1</iscustomizable>
  <name>Creative Ladder Custom Page Template</name>
  <powerpagecomponenttype>6</powerpagecomponenttype>
  <powerpagesiteid>
    <powerpagesiteid>f33b65cb-c6dc-4fb7-bd41-304a80528ec5</powerpagesiteid>
  </powerpagesiteid>
  <statecode>0</statecode>
  <statuscode>1</statuscode>
</powerpagecomponent>