<powerpagecomponent powerpagecomponentid="96f40a4a-0d35-4005-bce9-161382ccf5ac">
  <content>{
  "entityname": "PCL Document Locs - All",
  "entitylogicalname": "sharepointdocumentlocation",
  "scope": 756150000,
  "append": true,
  "appendto": true,
  "delete": false,
  "read": true,
  "create": true,
  "write": true,
  "parentrelationship": null,
  "parententitypermission": null,
  "contactrelationship": null,
  "accountrelationship": null,
  "childTablePermissions": [],
  "adx_entitypermission_webrole": [
    "3e6799cd-079b-ef11-8a69-7c1e525ae302",
    "3a4c51d6-079b-ef11-8a69-7c1e525ae302",
    "fbc51edf-079b-ef11-8a69-7c1e525ae302"
  ]
}</content>
  <iscustomizable>1</iscustomizable>
  <name>PCL Document Locs - All</name>
  <powerpagecomponenttype>18</powerpagecomponenttype>
  <powerpagesiteid>
    <powerpagesiteid>f33b65cb-c6dc-4fb7-bd41-304a80528ec5</powerpagesiteid>
  </powerpagesiteid>
  <statecode>0</statecode>
  <statuscode>1</statuscode>
</powerpagecomponent>