<powerpagecomponent powerpagecomponentid="ec583f9e-bcb4-cf5b-ada9-53104bf901c0">
  <content>{
  "filecontent": null,
  "displayorder": 21,
  "pagetemplateid": "8cec361b-45c9-ef11-b8e8-7c1e525ae302",
  "parentpageid": "1b27d9e9-baac-4073-b740-ded10fdedd82",
  "partialurl": "Browse-All-Campaigns",
  "isroot": false,
  "rootwebpageid": "fc178cc9-7fc6-6de4-b0b6-2741f233efd1",
  "title": "Browse All Campaigns",
  "summary": "&lt;p&gt;This is a sample landing page designed to be a starting point for your website&lt;/p&gt;",
  "copy": "&lt;script type=\"text/javascript\"&gt;\n\ndocument.addEventListener(\"DOMContentLoaded\", function () {\n\n\t// on load hide all the lists except All markets\n    // Function to hide elements based on data-filter-id\n\tfunction toggleFilterElement(filterId, show) {\n\t\tconst label = document.querySelector(`label[data-filter-id=\"${filterId}\"]`);\n\t\t\n\t\tif (label) {\n\t\t\tconst parentListItem = label.closest(\".entitylist-filter-option-group\");\n\t\t\t\n\t\t\tif (parentListItem) {\n\t\t\t\tparentListItem.style.display = show ? \"\" : \"none\";\n\t\t\t}\n\t\t}\n\t};\n\n    // Loop through filter IDs 2 to 7 and call hideFilterOptions\n    for (let i = 2; i &lt;= 7; i++) {\n        toggleFilterElement(i, false);\n    }\n\n\t// on change of sector\n\t//       hide all the markets\n\t//       show the specific market\n\n// &lt;option value=\"{b36e5b1e-1c9e-ef11-8a69-7c1e525ae302}\" label=\"AMESA\"&gt;\n// &lt;option value=\"{d4b95324-1c9e-ef11-8a69-7c1e525ae302}\" label=\"APAC\"&gt;\n// &lt;option value=\"{96b84336-1c9e-ef11-8a69-7c1e525ae302}\" label=\"EUROPE\"&gt;\n// &lt;option value=\"{7c094c2a-1c9e-ef11-8a69-7c1e525ae302}\" label=\"LATAM\"&gt;\n// &lt;option value=\"{05504430-1c9e-ef11-8a69-7c1e525ae302}\" label=\"PBNA\"&gt;\n// &lt;option value=\"{ef514430-1c9e-ef11-8a69-7c1e525ae302}\" label=\"PFNA\"&gt;\n\n    const dropdown = document.getElementById(\"dropdown_0\");\n    if (dropdown) {\n        dropdown.addEventListener(\"change\", function () {\n\t\t\tdebugger;\n\t\t\t\n\t\t\t// hide all filters first\n\t\t\t// Loop through filter IDs 1 to 7 and call toggleFilterElement\n\t\t\tfor (let i = 1; i &lt;= 7; i++) {\n\t\t\t\ttoggleFilterElement(i, false);\n\t\t\t}\n\t\t\t\t\t\n\t\t\t// show the appropriate market filter\n\t\t\tconst selectedValue = dropdown.value;\n            console.log(\"Selected Value:\", selectedValue);\n\t\t\t// show the appropriate filter\n\t\t\t    switch (selectedValue) {\n\t\t\t\t\t// AMESA\n\t\t\t\t\tcase \"{b36e5b1e-1c9e-ef11-8a69-7c1e525ae302}\":\n\t\t\t\t\t\ttoggleFilterElement(4, true);\n\t\t\t\t\t\tbreak;\n\t\t\t\t\t// APAC\n\t\t\t\t\tcase \"{d4b95324-1c9e-ef11-8a69-7c1e525ae302}\":\n\t\t\t\t\t\ttoggleFilterElement(5, true);\n\t\t\t\t\t\tbreak;\n\t\t\t\t\t// EUROPE\n\t\t\t\t\tcase \"{96b84336-1c9e-ef11-8a69-7c1e525ae302}\":\n\t\t\t\t\t\ttoggleFilterElement(2, true);\n\t\t\t\t\t\tbreak;\n\t\t\t\t\t// LATAM\n\t\t\t\t\tcase \"{7c094c2a-1c9e-ef11-8a69-7c1e525ae302}\":\n\t\t\t\t\t\ttoggleFilterElement(3, true);\n\t\t\t\t\t\tbreak;\n\t\t\t\t\t// PBNA\n\t\t\t\t\tcase \"{05504430-1c9e-ef11-8a69-7c1e525ae302}\":\n\t\t\t\t\t\ttoggleFilterElement(6, true);\n\t\t\t\t\t\tbreak;\n\t\t\t\t\t// PFNA\n\t\t\t\t\tcase \"{ef514430-1c9e-ef11-8a69-7c1e525ae302}\":\n\t\t\t\t\t\ttoggleFilterElement(7, true);\n\t\t\t\t\t\tbreak;\t\t\t\n\t\t\t\t\t// All\n\t\t\t\t\tcase \"\":\n\t\t\t\t\t\ttoggleFilterElement(1, true);\n\t\t\t\t\t\tbreak;\t\t\t\t\t\t\t\n\t\t\t\t\tdefault:\n\t\t\t\t\t\tconsole.log(\"No market to hide\");\n\t\t\t\t\t\tbreak;\n\t\t\t\t};\n        });\n    }; // end if dropdown\n\t\n});\n\n&lt;/script&gt;\n\n&lt;div class=\"row sectionBlockLayout text-start\" style=\"display: flex; flex-wrap: wrap; margin: 0px; min-height: auto; padding: 8px;\"&gt;\n  &lt;div class=\"container\" style=\"display: flex; flex-wrap: wrap;\"&gt;&lt;div class=\"col-lg-12 columnBlockLayout\" style=\"flex-grow: 1; display: flex; flex-direction: column; min-width: 250px; padding: 16px; margin: 60px 0px;\"&gt;{% include 'entity_list' key: 'Browsing Long - Portal List' %}&lt;/div&gt;&lt;/div&gt;\n&lt;/div&gt;",
  "publishingstateid": "bd64d8c8-7891-438a-aae6-778a9085930d",
  "enablerating": false,
  "enabletracking": false,
  "excludefromsearch": false,
  "hiddenfromsitemap": true,
  "sharedpageconfiguration": false,
  "feedbackpolicy": 756150000
}</content>
  <iscustomizable>1</iscustomizable>
  <name>Browse All Campaigns</name>
  <powerpagecomponenttype>2</powerpagecomponenttype>
  <powerpagesiteid>
    <powerpagesiteid>f33b65cb-c6dc-4fb7-bd41-304a80528ec5</powerpagesiteid>
  </powerpagesiteid>
  <powerpagesitelanguageid>
    <powerpagesitelanguageid>6d6b14b9-6818-440b-8372-ef7a4ea533ce</powerpagesitelanguageid>
  </powerpagesitelanguageid>
  <searchcontent>Browse All Campaigns&lt;script type="text/javascript"&gt;

document.addEventListener("DOMContentLoaded", function () {

	// on load hide all the lists except All markets
    // Function to hide elements based on data-filter-id
	function toggleFilterElement(filterId, show) {
		const label = document.querySelector(`label[data-filter-id="${filterId}"]`);
		
		if (label) {
			const parentListItem = label.closest(".entitylist-filter-option-group");
			
			if (parentListItem) {
				parentListItem.style.display = show ? "" : "none";
			}
		}
	};

    // Loop through filter IDs 2 to 7 and call hideFilterOptions
    for (let i = 2; i &lt;= 7; i++) {
        toggleFilterElement(i, false);
    }

	// on change of sector
	//       hide all the markets
	//       show the specific market

// &lt;option value="{b36e5b1e-1c9e-ef11-8a69-7c1e525ae302}" label="AMESA"&gt;
// &lt;option value="{d4b95324-1c9e-ef11-8a69-7c1e525ae302}" label="APAC"&gt;
// &lt;option value="{96b84336-1c9e-ef11-8a69-7c1e525ae302}" label="EUROPE"&gt;
// &lt;option value="{7c094c2a-1c9e-ef11-8a69-7c1e525ae302}" label="LATAM"&gt;
// &lt;option value="{05504430-1c9e-ef11-8a69-7c1e525ae302}" label="PBNA"&gt;
// &lt;option value="{ef514430-1c9e-ef11-8a69-7c1e525ae302}" label="PFNA"&gt;

    const dropdown = document.getElementById("dropdown_0");
    if (dropdown) {
        dropdown.addEventListener("change", function () {
			debugger;
			
			// hide all filters first
			// Loop through filter IDs 1 to 7 and call toggleFilterElement
			for (let i = 1; i &lt;= 7; i++) {
				toggleFilterElement(i, false);
			}
					
			// show the appropriate market filter
			const selectedValue = dropdown.value;
            console.log("Selected Value:", selectedValue);
			// show the appropriate filter
			    switch (selectedValue) {
					// AMESA
					case "{b36e5b1e-1c9e-ef11-8a69-7c1e525ae302}":
						toggleFilterElement(4, true);
						break;
					// APAC
					case "{d4b95324-1c9e-ef11-8a69-7c1e525ae302}":
						toggleFilterElement(5, true);
						break;
					// EUROPE
					case "{96b84336-1c9e-ef11-8a69-7c1e525ae302}":
						toggleFilterElement(2, true);
						break;
					// LATAM
					case "{7c094c2a-1c9e-ef11-8a69-7c1e525ae302}":
						toggleFilterElement(3, true);
						break;
					// PBNA
					case "{05504430-1c9e-ef11-8a69-7c1e525ae302}":
						toggleFilterElement(6, true);
						break;
					// PFNA
					case "{ef514430-1c9e-ef11-8a69-7c1e525ae302}":
						toggleFilterElement(7, true);
						break;			
					// All
					case "":
						toggleFilterElement(1, true);
						break;							
					default:
						console.log("No market to hide");
						break;
				};
        });
    }; // end if dropdown
	
});

&lt;/script&gt;

&lt;div class="row sectionBlockLayout text-start" style="display: flex; flex-wrap: wrap; margin: 0px; min-height: auto; padding: 8px;"&gt;
  &lt;div class="container" style="display: flex; flex-wrap: wrap;"&gt;&lt;div class="col-lg-12 columnBlockLayout" style="flex-grow: 1; display: flex; flex-direction: column; min-width: 250px; padding: 16px; margin: 60px 0px;"&gt;{% include 'entity_list' key: 'Browsing Long - Portal List' %}&lt;/div&gt;&lt;/div&gt;
&lt;/div&gt;Browse All Campaigns</searchcontent>
  <statecode>0</statecode>
  <statuscode>1</statuscode>
</powerpagecomponent>