<powerpagecomponent powerpagecomponentid="dbb792a0-1975-45c4-b2a5-fc3625401998">
  <content>{
  "filecontent": null,
  "lcid": 1033,
  "entityname": "mrcgvh_campaign",
  "formname": "Portal Edit",
  "mode": 100000001,
  "onsuccess": "756150001",
  "successmessage": "[{\"LCID\":1033,\"Value\":\"\"}]",
  "hideformonsuccess": true,
  "redirectwebpage": "1b27d9e9-baac-4073-b740-ded10fdedd82",
  "redirecturl": null,
  "captcharequired": false,
  "showcaptchaforauthenticatedusers": false,
  "entitypermissionsenabled": true,
  "attachfilelabel": "[{\"LCID\":1033,\"Value\":\"\"}]",
  "attachfilestoragelocation": 756150000,
  "attachfilemaxsize": null,
  "maximumnooffiles": 5,
  "containername": "",
  "storageaccountname": "",
  "entitysourcetype": "756150001",
  "recordidquerystringparametername": "id",
  "copy": "undefined",
  "entityFormMetadatas": [
    "0c7584ec-9286-4b23-b4f3-e3acf6b6ff94"
  ]
}</content>
  <iscustomizable>1</iscustomizable>
  <name>Campaign Portal Edit</name>
  <powerpagecomponenttype>15</powerpagecomponenttype>
  <powerpagesiteid>
    <powerpagesiteid>f33b65cb-c6dc-4fb7-bd41-304a80528ec5</powerpagesiteid>
  </powerpagesiteid>
  <statecode>0</statecode>
  <statuscode>1</statuscode>
</powerpagecomponent>