<powerpagecomponent powerpagecomponentid="c55124cf-b654-4227-83e7-a581ba95a097">
  <content>{
  "filecontent": null,
  "lcid": 1033,
  "entityname": "mrcgvh_campaign",
  "formname": "Portal New",
  "mode": 100000000,
  "onsuccess": "756150001",
  "successmessage": "[{\"LCID\":1033,\"Value\":\"\"}]",
  "hideformonsuccess": true,
  "redirectwebpage": "1b27d9e9-baac-4073-b740-ded10fdedd82",
  "redirecturl": null,
  "captcharequired": false,
  "showcaptchaforauthenticatedusers": false,
  "entitypermissionsenabled": true,
  "attachfilelabel": "[{\"LCID\":1033,\"Value\":\"\"}]",
  "attachfilestoragelocation": 756150000,
  "attachfilemaxsize": null,
  "maximumnooffiles": 5,
  "containername": "",
  "storageaccountname": "",
  "entitysourcetype": null,
  "recordidquerystringparametername": null,
  "copy": "undefined",
  "entityFormMetadatas": []
}</content>
  <iscustomizable>1</iscustomizable>
  <name>Campaign Portal New</name>
  <powerpagecomponenttype>15</powerpagecomponenttype>
  <powerpagesiteid>
    <powerpagesiteid>f33b65cb-c6dc-4fb7-bd41-304a80528ec5</powerpagesiteid>
  </powerpagesiteid>
  <statecode>0</statecode>
  <statuscode>1</statuscode>
</powerpagecomponent>