<powerpagecomponent powerpagecomponentid="7c86cf48-39cd-ef11-b8e8-7c1e525ae302">
  <content>{
  "attributelogicalname": "mrcgvh_didyoutestdigital",
  "controlstyle": 756150001,
  "type": 100000000,
  "fieldisrequired": false,
  "useattributedescriptionproperty": true,
  "descriptionposition": 100000000,
  "adddescription": false,
  "setvalueonsave": false,
  "ignoredefaultvalue": false,
  "randomizeoptionsetvalues": false,
  "entityform": "f77efc6b-3adf-4dcb-a659-0dfeb511503a",
  "entityformforcreate": "f77efc6b-3adf-4dcb-a659-0dfeb511503a"
}</content>
  <iscustomizable>1</iscustomizable>
  <name>Campaign Portal Edit mrcgvh_didyoutestdigital</name>
  <powerpagecomponenttype>16</powerpagecomponenttype>
  <powerpagesiteid>
    <powerpagesiteid>f33b65cb-c6dc-4fb7-bd41-304a80528ec5</powerpagesiteid>
  </powerpagesiteid>
  <statecode>0</statecode>
  <statuscode>1</statuscode>
</powerpagecomponent>