<powerpagecomponent powerpagecomponentid="9b8f1f5f-1349-445f-8559-9e09a978abd1">
  <content>{
  "filecontent": null,
  "progressindicatorenabled": true,
  "multiplerecordsperuserpermitted": false,
  "progressindicatorposition": 756150000,
  "editexistingrecordpermitted": true,
  "progressindicatortype": 756150000,
  "startnewsessiononload": true,
  "startstep": "2c25beed-a0df-ef11-a730-7c1e52182fb0",
  "authenticationrequired": true,
  "webFormSteps": [
    "2c25beed-a0df-ef11-a730-7c1e52182fb0",
    "2c2f4612-a1df-ef11-a730-7c1e52182fb0",
    "0e6b5c27-a1df-ef11-a730-7c1e52182fb0"
  ]
}</content>
  <iscustomizable>1</iscustomizable>
  <name>Campaign Assessment Multistep Form</name>
  <powerpagecomponenttype>19</powerpagecomponenttype>
  <powerpagesiteid>
    <powerpagesiteid>f33b65cb-c6dc-4fb7-bd41-304a80528ec5</powerpagesiteid>
  </powerpagesiteid>
  <statecode>0</statecode>
  <statuscode>1</statuscode>
</powerpagecomponent>