<powerpagecomponent powerpagecomponentid="b3904ca6-54ab-44f4-8225-803b0be9970a">
  <content>{
  "entityname": "mspp_webpage",
  "isdefault": false,
  "rewriteurl": "~/Pages/Search.aspx",
  "type": 756150000,
  "usewebsiteheaderandfooter": true,
  "webtemplateid": "7427080f-41db-4ada-943f-dbd2138150b4"
}</content>
  <iscustomizable>1</iscustomizable>
  <name>Search</name>
  <powerpagecomponenttype>6</powerpagecomponenttype>
  <powerpagesiteid>
    <powerpagesiteid>f33b65cb-c6dc-4fb7-bd41-304a80528ec5</powerpagesiteid>
  </powerpagesiteid>
  <statecode>0</statecode>
  <statuscode>1</statuscode>
</powerpagecomponent>