<powerpagecomponent powerpagecomponentid="3e3d5c04-7fcc-ef11-b8e8-7c1e525ae302">
  <content>{
  "filecontent": null,
  "targetentityportaluserlookupattribute": "mrcgvh_applicationcontact",
  "tabname": "tabstep1",
  "formname": "Portal New",
  "targetentitylogicalname": "mrcgvh_campaign",
  "geolocation_displaymap": false,
  "geolocation_enabled": false,
  "createautonumber": false,
  "loguser": false,
  "attachfilerestrictaccept": false,
  "attachfilerequired": false,
  "allowmultiplefiles": false,
  "attachfile": false,
  "redirecturlappendentityidquerystring": false,
  "appendquerystring": false,
  "referenceentityshowreadonlyform": false,
  "referencequerystringisprimarykey": true,
  "referenceentitysourcetype": 100000001,
  "populatereferenceentitylookupfield": false,
  "setentityreference": false,
  "hideformonsuccess": true,
  "showcaptchaforauthenticatedusers": false,
  "captcharequired": false,
  "validationsummarylinksenabled": true,
  "forceallfieldsrequired": false,
  "recommendedfieldsrequired": false,
  "showunsupportedfields": false,
  "showownerfields": false,
  "tooltipenabled": false,
  "renderwebresourcesinline": false,
  "portaluserlookupattributeisactivityparty": false,
  "associatecurrentportaluser": true,
  "autogeneratesteps": false,
  "mode": 100000000,
  "entitypermissionsenabled": true,
  "movepreviouspermitted": true,
  "type": 100000002,
  "editexistingrecordpermitted": false,
  "webform": "56c3ccd0-7ecc-ef11-b8e8-7c1e525ae302",
  "multiplerecordsperuserpermitted": false,
  "geolocation_maptype": 756150000,
  "nextstep": "c3a6e12c-80cc-ef11-b8e8-7c1e525ae302",
  "webFormMetadatas": [],
  "settings": "{\"$type\":\"Adxstudio.Xrm.Web.UI.JsonConfiguration.FormActionMetadata, Adxstudio.Xrm\",\"Actions\":[],\"DeleteDialog\":{\"$type\":\"Adxstudio.Xrm.Web.UI.JsonConfiguration.DeleteModal, Adxstudio.Xrm\",\"Title\":[{\"$type\":\"Adxstudio.Xrm.Web.UI.WebForms.LanguageResources, Adxstudio.Xrm\",\"LCID\":1033,\"Value\":\"\"}],\"PrimaryButtonText\":[{\"$type\":\"Adxstudio.Xrm.Web.UI.WebForms.LanguageResources, Adxstudio.Xrm\",\"LCID\":1033,\"Value\":\"\"}],\"CloseButtonText\":[{\"$type\":\"Adxstudio.Xrm.Web.UI.WebForms.LanguageResources, Adxstudio.Xrm\",\"LCID\":1033,\"Value\":\"\"}],\"DismissButtonSrText\":[{\"$type\":\"Adxstudio.Xrm.Web.UI.WebForms.LanguageResources, Adxstudio.Xrm\",\"LCID\":1033,\"Value\":\"\"}],\"Size\":0,\"CssClass\":\"\",\"TitleCssClass\":\"\",\"PrimaryButtonCssClass\":\"\",\"CloseButtonCssClass\":\"\"},\"WorkflowDialog\":{\"$type\":\"Adxstudio.Xrm.Web.UI.JsonConfiguration.WorkflowModal, Adxstudio.Xrm\",\"Title\":[{\"$type\":\"Adxstudio.Xrm.Web.UI.WebForms.LanguageResources, Adxstudio.Xrm\",\"LCID\":1033,\"Value\":\"\"}],\"PrimaryButtonText\":[{\"$type\":\"Adxstudio.Xrm.Web.UI.WebForms.LanguageResources, Adxstudio.Xrm\",\"LCID\":1033,\"Value\":\"\"}],\"CloseButtonText\":[{\"$type\":\"Adxstudio.Xrm.Web.UI.WebForms.LanguageResources, Adxstudio.Xrm\",\"LCID\":1033,\"Value\":\"\"}],\"DismissButtonSrText\":[{\"$type\":\"Adxstudio.Xrm.Web.UI.WebForms.LanguageResources, Adxstudio.Xrm\",\"LCID\":1033,\"Value\":\"\"}],\"Size\":0,\"CssClass\":\"\",\"TitleCssClass\":\"\",\"PrimaryButtonCssClass\":\"\",\"CloseButtonCssClass\":\"\"},\"ActionDropDownButtonLabel\":[{\"$type\":\"Adxstudio.Xrm.Web.UI.WebForms.LanguageResources, Adxstudio.Xrm\",\"LCID\":1033,\"Value\":\"\"}],\"TopContainerCssClass\":\"\",\"BottomContainerCssClass\":\"\",\"ActivateDialog\":{\"$type\":\"Adxstudio.Xrm.Web.UI.JsonConfiguration.ActivateModal,\\tAdxstudio.Xrm\",\"Title\":[{\"$type\":\"Adxstudio.Xrm.Web.UI.WebForms.LanguageResources, Adxstudio.Xrm\",\"LCID\":1033,\"Value\":\"\"}],\"PrimaryButtonText\":[{\"$type\":\"Adxstudio.Xrm.Web.UI.WebForms.LanguageResources, Adxstudio.Xrm\",\"LCID\":1033,\"Value\":\"\"}],\"CloseButtonText\":[{\"$type\":\"Adxstudio.Xrm.Web.UI.WebForms.LanguageResources, Adxstudio.Xrm\",\"LCID\":1033,\"Value\":\"\"}],\"DismissButtonSrText\":[{\"$type\":\"Adxstudio.Xrm.Web.UI.WebForms.LanguageResources, Adxstudio.Xrm\",\"LCID\":1033,\"Value\":\"\"}],\"Size\":0,\"CssClass\":\"\",\"TitleCssClass\":\"\",\"PrimaryButtonCssClass\":\"\",\"CloseButtonCssClass\":\"\"},\"DeactivateDialog\":{\"$type\":\"Adxstudio.Xrm.Web.UI.JsonConfiguration.DeactivateModal,\\tAdxstudio.Xrm\",\"Title\":[{\"$type\":\"Adxstudio.Xrm.Web.UI.WebForms.LanguageResources, Adxstudio.Xrm\",\"LCID\":1033,\"Value\":\"\"}],\"PrimaryButtonText\":[{\"$type\":\"Adxstudio.Xrm.Web.UI.WebForms.LanguageResources, Adxstudio.Xrm\",\"LCID\":1033,\"Value\":\"\"}],\"CloseButtonText\":[{\"$type\":\"Adxstudio.Xrm.Web.UI.WebForms.LanguageResources, Adxstudio.Xrm\",\"LCID\":1033,\"Value\":\"\"}],\"DismissButtonSrText\":[{\"$type\":\"Adxstudio.Xrm.Web.UI.WebForms.LanguageResources, Adxstudio.Xrm\",\"LCID\":1033,\"Value\":\"\"}],\"Size\":0,\"CssClass\":\"\",\"TitleCssClass\":\"\",\"PrimaryButtonCssClass\":\"\",\"CloseButtonCssClass\":\"\"},\"CreateRelatedRecordDialog\":{\"$type\":\"Adxstudio.Xrm.Web.UI.JsonConfiguration.CreateRelatedRecordModal, Adxstudio.Xrm\",\"PrimaryButtonText\":[{\"$type\":\"Adxstudio.Xrm.Web.UI.WebForms.LanguageResources, Adxstudio.Xrm\",\"LCID\":1033,\"Value\":\"\"}],\"CloseButtonText\":[{\"$type\":\"Adxstudio.Xrm.Web.UI.WebForms.LanguageResources, Adxstudio.Xrm\",\"LCID\":1033,\"Value\":\"\"}],\"PrimaryButtonCssClass\":\"\",\"CloseButtonCssClass\":\"\",\"Title\":[{\"$type\":\"Adxstudio.Xrm.Web.UI.WebForms.LanguageResources, Adxstudio.Xrm\",\"LCID\":1033,\"Value\":\"\"}],\"DismissButtonSrText\":[{\"$type\":\"Adxstudio.Xrm.Web.UI.WebForms.LanguageResources, Adxstudio.Xrm\",\"LCID\":1033,\"Value\":\"\"}],\"Size\":0,\"CssClass\":\"\",\"TitleCssClass\":\"\"}}"
}</content>
  <iscustomizable>1</iscustomizable>
  <name>Step 1: Enter Campaign Details</name>
  <powerpagecomponenttype>20</powerpagecomponenttype>
  <powerpagesiteid>
    <powerpagesiteid>f33b65cb-c6dc-4fb7-bd41-304a80528ec5</powerpagesiteid>
  </powerpagesiteid>
  <statecode>0</statecode>
  <statuscode>1</statuscode>
</powerpagecomponent>