<powerpagecomponent powerpagecomponentid="d66fbef7-ca87-4d9d-99fc-618b6fcf32f4">
  <content>{"disablepagevalidation":false,"displayimageonly":false,"displayorder":1,"displaypagechildlinks":false,"openinnewwindow":false,"pageid":"1b27d9e9-baac-4073-b740-ded10fdedd82","publishingstateid":"bd64d8c8-7891-438a-aae6-778a9085930d","robotsfollowlink":true,"weblinksetid":"f3e3ebd5-cf32-4e43-af96-9922a78ea17b"}</content>
  <iscustomizable>1</iscustomizable>
  <name>Home</name>
  <powerpagecomponenttype>5</powerpagecomponenttype>
  <powerpagesiteid>
    <powerpagesiteid>f33b65cb-c6dc-4fb7-bd41-304a80528ec5</powerpagesiteid>
  </powerpagesiteid>
  <statecode>0</statecode>
  <statuscode>1</statuscode>
</powerpagecomponent>