<powerpagecomponent powerpagecomponentid="6d1367b5-39f4-442b-84a0-897d4f70d048">
  <content>{
  "progressindicatorenabled": true,
  "multiplerecordsperuserpermitted": false,
  "progressindicatorposition": 756150000,
  "editexistingrecordpermitted": true,
  "webFormSteps": [
    "21323f21-84b0-4eb0-89d2-35e76502dab8"
  ],
  "startstep": "21323f21-84b0-4eb0-89d2-35e76502dab8",
  "progressindicatortype": 756150000,
  "startnewsessiononload": true,
  "savechangeswarningonclose": false,
  "authenticationrequired": true
}</content>
  <iscustomizable>1</iscustomizable>
  <name>Campaign Edit Multistep</name>
  <powerpagecomponenttype>19</powerpagecomponenttype>
  <powerpagesiteid>
    <powerpagesiteid>f33b65cb-c6dc-4fb7-bd41-304a80528ec5</powerpagesiteid>
  </powerpagesiteid>
  <statecode>0</statecode>
  <statuscode>1</statuscode>
</powerpagecomponent>