<powerpagecomponent powerpagecomponentid="30889530-5348-4dcd-a190-ced764f0e906">
  <content>{"display_name":"Logo alt text","type":756150000,"value":"Company name logo\r\n"}</content>
  <iscustomizable>1</iscustomizable>
  <name>Logo alt text</name>
  <powerpagecomponenttype>7</powerpagecomponenttype>
  <powerpagesiteid>
    <powerpagesiteid>f33b65cb-c6dc-4fb7-bd41-304a80528ec5</powerpagesiteid>
  </powerpagesiteid>
  <powerpagesitelanguageid>
    <powerpagesitelanguageid>6d6b14b9-6818-440b-8372-ef7a4ea533ce</powerpagesitelanguageid>
  </powerpagesitelanguageid>
  <statecode>0</statecode>
  <statuscode>1</statuscode>
</powerpagecomponent>