<powerpagecomponent powerpagecomponentid="d3e35b74-e908-4d53-815f-1af1555eee41">
  <content>{"enablerating":false,"enabletracking":false,"excludefromsearch":false,"feedbackpolicy":756150000,"hiddenfromsitemap":true,"isroot":false,"pagetemplateid":"b3904ca6-54ab-44f4-8225-803b0be9970a","parentpageid":"1b27d9e9-baac-4073-b740-ded10fdedd82","partialurl":"search","publishingstateid":"bd64d8c8-7891-438a-aae6-778a9085930d","rootwebpageid":"f87ca2b4-c967-4c44-bbc0-9f4bf771d3c9","sharedpageconfiguration":false}</content>
  <iscustomizable>1</iscustomizable>
  <name>Search</name>
  <powerpagecomponenttype>2</powerpagecomponenttype>
  <powerpagesiteid>
    <powerpagesiteid>f33b65cb-c6dc-4fb7-bd41-304a80528ec5</powerpagesiteid>
  </powerpagesiteid>
  <powerpagesitelanguageid>
    <powerpagesitelanguageid>6d6b14b9-6818-440b-8372-ef7a4ea533ce</powerpagesitelanguageid>
  </powerpagesitelanguageid>
  <searchcontent>Search</searchcontent>
  <statecode>0</statecode>
  <statuscode>1</statuscode>
</powerpagecomponent>