<powerpagecomponent powerpagecomponentid="c9a82bb7-6be7-48eb-95e7-6e5f3ae88ba0">
  <content>{
  "lcid": 1033,
  "entityname": "mrcgvh_campaign",
  "formname": "Portal View Ranked By All",
  "mode": 100000002,
  "onsuccess": "756150000",
  "successmessage": "",
  "hideformonsuccess": true,
  "redirectwebpage": null,
  "redirecturl": null,
  "captcharequired": false,
  "showcaptchaforauthenticatedusers": false,
  "entitypermissionsenabled": true,
  "attachfilelabel": "",
  "attachfilestoragelocation": 756150000,
  "attachfilemaxsize": null,
  "maximumnooffiles": 5,
  "containername": "",
  "storageaccountname": "",
  "entitysourcetype": "756150001",
  "recordidquerystringparametername": "id"
}</content>
  <iscustomizable>1</iscustomizable>
  <name>Campaign Portal View Ranked By All</name>
  <powerpagecomponenttype>15</powerpagecomponenttype>
  <powerpagesiteid>
    <powerpagesiteid>f33b65cb-c6dc-4fb7-bd41-304a80528ec5</powerpagesiteid>
  </powerpagesiteid>
  <statecode>0</statecode>
  <statuscode>1</statuscode>
</powerpagecomponent>