<powerpagecomponent powerpagecomponentid="1bbd15a3-1b87-4fe7-af69-9908c111b49b">
  <content>{
  "filecontent": null,
  "entityname": "PCL Campaign Asses. - Evaluator (Own)",
  "entitylogicalname": "mrcgvh_campaignassessment",
  "scope": 756150001,
  "append": true,
  "appendto": true,
  "delete": false,
  "read": true,
  "create": true,
  "write": true,
  "parentrelationship": null,
  "parententitypermission": null,
  "contactrelationship": "mrcgvh_campaignassessment_PortalContactOwner_contact",
  "accountrelationship": null,
  "childTablePermissions": [],
  "adx_entitypermission_webrole": [
    "fbc51edf-079b-ef11-8a69-7c1e525ae302"
  ]
}</content>
  <iscustomizable>1</iscustomizable>
  <name>PCL Campaign Asses. - Evaluator (Own)</name>
  <powerpagecomponenttype>18</powerpagecomponenttype>
  <powerpagesiteid>
    <powerpagesiteid>f33b65cb-c6dc-4fb7-bd41-304a80528ec5</powerpagesiteid>
  </powerpagesiteid>
  <statecode>0</statecode>
  <statuscode>1</statuscode>
</powerpagecomponent>