<powerpagecomponent powerpagecomponentid="33d6a829-9606-4243-8db7-5b13bf2953d3">
  <content>{
  "filecontent": null,
  "display_name": "Site name",
  "type": 756150000,
  "value": "Pepsico Creative Ladder Ranking App",
  "copy": "undefined"
}</content>
  <iscustomizable>1</iscustomizable>
  <name>Site name</name>
  <powerpagecomponenttype>7</powerpagecomponenttype>
  <powerpagesiteid>
    <powerpagesiteid>f33b65cb-c6dc-4fb7-bd41-304a80528ec5</powerpagesiteid>
  </powerpagesiteid>
  <powerpagesitelanguageid>
    <powerpagesitelanguageid>6d6b14b9-6818-440b-8372-ef7a4ea533ce</powerpagesitelanguageid>
  </powerpagesitelanguageid>
  <statecode>0</statecode>
  <statuscode>1</statuscode>
</powerpagecomponent>