<powerpagecomponent powerpagecomponentid="ce5ad842-e1a5-ef11-8a69-7c1e525ae302">
  <content>{
  "attributelogicalname": "mrcgvh_didyoutestdigital",
  "controlstyle": 756150001,
  "type": 100000000,
  "fieldisrequired": false,
  "useattributedescriptionproperty": true,
  "descriptionposition": 100000000,
  "adddescription": false,
  "setvalueonsave": false,
  "ignoredefaultvalue": false,
  "randomizeoptionsetvalues": false,
  "entityform": "dbb792a0-1975-45c4-b2a5-fc3625401998",
  "entityformforcreate": "dbb792a0-1975-45c4-b2a5-fc3625401998"
}</content>
  <iscustomizable>1</iscustomizable>
  <name>Campaign Portal Edit mrcgvh_didyoutestdigital</name>
  <powerpagecomponenttype>16</powerpagecomponenttype>
  <powerpagesiteid>
    <powerpagesiteid>f33b65cb-c6dc-4fb7-bd41-304a80528ec5</powerpagesiteid>
  </powerpagesiteid>
  <statecode>0</statecode>
  <statuscode>1</statuscode>
</powerpagecomponent>