<powerpagecomponent powerpagecomponentid="eddb5792-c27b-4b9a-8a03-7d06e9ef6525">
  <content>{"adx_webpageaccesscontrolrule_webrole":["6b51c78f-530d-4632-8a47-52de6d5c7b11"],"right":1,"scope":1,"webpageid":"1b27d9e9-baac-4073-b740-ded10fdedd82"}</content>
  <iscustomizable>1</iscustomizable>
  <name>Grant Change to Administrators</name>
  <powerpagecomponenttype>10</powerpagecomponenttype>
  <powerpagesiteid>
    <powerpagesiteid>f33b65cb-c6dc-4fb7-bd41-304a80528ec5</powerpagesiteid>
  </powerpagesiteid>
  <statecode>0</statecode>
  <statuscode>1</statuscode>
</powerpagecomponent>