{
  "properties": {
    "connectionReferences": {
      "shared_commondataserviceforapps": {
        "runtimeSource": "embedded",
        "connection": {
          "connectionReferenceLogicalName": "mrcgvh_sharedcommondataserviceforapps_ee081"
        },
        "api": {
          "name": "shared_commondataserviceforapps"
        }
      }
    },
    "definition": {
      "$schema": "https://schema.management.azure.com/providers/Microsoft.Logic/schemas/2016-06-01/workflowdefinition.json#",
      "contentVersion": "1.0.0.0",
      "parameters": {
        "$connections": {
          "defaultValue": {},
          "type": "Object"
        },
        "$authentication": {
          "defaultValue": {},
          "type": "SecureObject"
        }
      },
      "triggers": {
        "When_a_row_is_added,_modified_or_deleted_Document_Locations": {
          "metadata": {
            "operationMetadataId": "d684c2a8-1417-4cad-9d5b-6d6eac317b0a"
          },
          "type": "OpenApiConnectionWebhook",
          "inputs": {
            "parameters": {
              "subscriptionRequest/message": 5,
              "subscriptionRequest/entityname": "sharepointdocumentlocation",
              "subscriptionRequest/scope": 4,
              "subscriptionRequest/name": "752c094c-c2dc-ef11-a730-7c1e521a5bc4"
            },
            "host": {
              "connectionName": "shared_commondataserviceforapps",
              "operationId": "SubscribeWebhookTrigger",
              "apiId": "/providers/Microsoft.PowerApps/apis/shared_commondataserviceforapps"
            },
            "authentication": "@parameters('$authentication')"
          }
        }
      },
      "actions": {
        "List_rows_Environment_Variable_Defintion": {
          "runAfter": {
            "Initialize_variable_varSharePointLoc_ExecAsset": [
              "Succeeded"
            ]
          },
          "metadata": {
            "operationMetadataId": "72690266-5d93-479d-8f36-e3419eb274b8"
          },
          "type": "OpenApiConnection",
          "inputs": {
            "parameters": {
              "entityName": "environmentvariabledefinitions",
              "$filter": "schemaname eq 'mrcgvh_SharePointLocation_ExecAsset'",
              "$top": 1
            },
            "host": {
              "connectionName": "shared_commondataserviceforapps",
              "operationId": "ListRecords",
              "apiId": "/providers/Microsoft.PowerApps/apis/shared_commondataserviceforapps"
            },
            "authentication": "@parameters('$authentication')"
          }
        },
        "Initialize_variable_varSharePointLoc_ExecAsset": {
          "runAfter": {},
          "metadata": {
            "operationMetadataId": "0de19e89-cfbc-4085-af64-7637bc4c5dd7"
          },
          "type": "InitializeVariable",
          "inputs": {
            "variables": [
              {
                "name": "varSharePointLoc_ExecAsset",
                "type": "string"
              }
            ]
          }
        },
        "For_each": {
          "foreach": "@outputs('List_rows_Environment_Variable_Defintion')?['body/value']",
          "actions": {
            "Set_variable_Sharepoint_Loc_Exec_Asset": {
              "runAfter": {},
              "metadata": {
                "operationMetadataId": "ba472c93-2133-41ab-a527-25a98a77312e"
              },
              "type": "SetVariable",
              "inputs": {
                "name": "varSharePointLoc_ExecAsset",
                "value": "@items('For_each')?['defaultvalue']"
              }
            }
          },
          "runAfter": {
            "List_rows_Environment_Variable_Defintion": [
              "Succeeded"
            ]
          },
          "metadata": {
            "operationMetadataId": "5c58e6c2-43d8-457f-a669-c1a64608b193"
          },
          "type": "Foreach"
        },
        "Update_a_row_Exec_Asset_File_URL": {
          "runAfter": {
            "For_each": [
              "Succeeded"
            ]
          },
          "metadata": {
            "operationMetadataId": "1a4d4d0f-6c93-43ae-bedd-788f8a1cb9dd"
          },
          "type": "OpenApiConnection",
          "inputs": {
            "parameters": {
              "entityName": "mrcgvh_executionassets",
              "recordId": "@triggerOutputs()?['body/_regardingobjectid_value']",
              "item/mrcgvh_folderpath": "@{variables('varSharePointLoc_ExecAsset')}@{triggerOutputs()?['body/relativeurl']}"
            },
            "host": {
              "connectionName": "shared_commondataserviceforapps",
              "operationId": "UpdateOnlyRecord",
              "apiId": "/providers/Microsoft.PowerApps/apis/shared_commondataserviceforapps"
            },
            "authentication": "@parameters('$authentication')"
          }
        }
      }
    },
    "templateName": ""
  },
  "schemaVersion": "1.0.0.0"
}