<powerpagecomponent powerpagecomponentid="f77efc6b-3adf-4dcb-a659-0dfeb511503a">
  <content>{
  "lcid": 1033,
  "entityname": "mrcgvh_campaign",
  "formname": "Portal Edit",
  "mode": 100000001,
  "onsuccess": 756150001,
  "hideformonsuccess": true,
  "redirectwebpage": "1b27d9e9-baac-4073-b740-ded10fdedd82",
  "redirecturl": null,
  "captcharequired": false,
  "showcaptchaforauthenticatedusers": false,
  "entitypermissionsenabled": true,
  "attachfilestoragelocation": 756150000,
  "attachfilemaxsize": null,
  "maximumnooffiles": 5,
  "entitysourcetype": 756150001,
  "recordidquerystringparametername": "id",
  "geolocation_maptype": 756150000,
  "settings": "{\"$type\":\"Adxstudio.Xrm.Web.UI.JsonConfiguration.FormActionMetadata, Adxstudio.Xrm\",\"Actions\":[{\"$type\":\"Adxstudio.Xrm.Web.UI.JsonConfiguration.SubmitAction, Adxstudio.Xrm\",\"ButtonBusyLabel\":[{\"$type\":\"Adxstudio.Xrm.Web.UI.WebForms.LanguageResources, Adxstudio.Xrm\",\"LCID\":1033,\"Value\":\"\"}],\"SuccessMessage\":[{\"$type\":\"Adxstudio.Xrm.Web.UI.WebForms.LanguageResources, Adxstudio.Xrm\",\"LCID\":1033,\"Value\":\"Saved\"}],\"ButtonLabel\":[{\"$type\":\"Adxstudio.Xrm.Web.UI.WebForms.LanguageResources, Adxstudio.Xrm\",\"LCID\":1033,\"Value\":\"Save\"}],\"ButtonTooltip\":[{\"$type\":\"Adxstudio.Xrm.Web.UI.WebForms.LanguageResources, Adxstudio.Xrm\",\"LCID\":1033,\"Value\":\"\"}],\"ButtonCssClass\":\"\",\"ActionButtonStyle\":0,\"ActionButtonPlacement\":1,\"ActionButtonAlignment\":0,\"ShowModal\":0,\"Confirmation\":[{\"$type\":\"Adxstudio.Xrm.Web.UI.WebForms.LanguageResources, Adxstudio.Xrm\",\"LCID\":1033,\"Value\":\"\"}],\"FilterCriteria\":\"\"}],\"DeleteDialog\":{\"$type\":\"Adxstudio.Xrm.Web.UI.JsonConfiguration.DeleteModal, Adxstudio.Xrm\",\"Title\":[{\"$type\":\"Adxstudio.Xrm.Web.UI.WebForms.LanguageResources, Adxstudio.Xrm\",\"LCID\":1033,\"Value\":\"\"}],\"PrimaryButtonText\":[{\"$type\":\"Adxstudio.Xrm.Web.UI.WebForms.LanguageResources, Adxstudio.Xrm\",\"LCID\":1033,\"Value\":\"\"}],\"CloseButtonText\":[{\"$type\":\"Adxstudio.Xrm.Web.UI.WebForms.LanguageResources, Adxstudio.Xrm\",\"LCID\":1033,\"Value\":\"\"}],\"DismissButtonSrText\":[{\"$type\":\"Adxstudio.Xrm.Web.UI.WebForms.LanguageResources, Adxstudio.Xrm\",\"LCID\":1033,\"Value\":\"\"}],\"Size\":0,\"CssClass\":\"\",\"TitleCssClass\":\"\",\"PrimaryButtonCssClass\":\"\",\"CloseButtonCssClass\":\"\"},\"WorkflowDialog\":{\"$type\":\"Adxstudio.Xrm.Web.UI.JsonConfiguration.WorkflowModal, Adxstudio.Xrm\",\"Title\":[{\"$type\":\"Adxstudio.Xrm.Web.UI.WebForms.LanguageResources, Adxstudio.Xrm\",\"LCID\":1033,\"Value\":\"\"}],\"PrimaryButtonText\":[{\"$type\":\"Adxstudio.Xrm.Web.UI.WebForms.LanguageResources, Adxstudio.Xrm\",\"LCID\":1033,\"Value\":\"\"}],\"CloseButtonText\":[{\"$type\":\"Adxstudio.Xrm.Web.UI.WebForms.LanguageResources, Adxstudio.Xrm\",\"LCID\":1033,\"Value\":\"\"}],\"DismissButtonSrText\":[{\"$type\":\"Adxstudio.Xrm.Web.UI.WebForms.LanguageResources, Adxstudio.Xrm\",\"LCID\":1033,\"Value\":\"\"}],\"Size\":0,\"CssClass\":\"\",\"TitleCssClass\":\"\",\"PrimaryButtonCssClass\":\"\",\"CloseButtonCssClass\":\"\"},\"ActionDropDownButtonLabel\":[{\"$type\":\"Adxstudio.Xrm.Web.UI.WebForms.LanguageResources, Adxstudio.Xrm\",\"LCID\":1033,\"Value\":\"\"}],\"TopContainerCssClass\":\"\",\"BottomContainerCssClass\":\"\",\"ShowSaveChangesWarningOnExit\":false,\"SaveChangesWarningMessage\":[{\"$type\":\"Adxstudio.Xrm.Web.UI.WebForms.LanguageResources, Adxstudio.Xrm\",\"LCID\":1033,\"Value\":\"\"}],\"ActivateDialog\":{\"$type\":\"Adxstudio.Xrm.Web.UI.JsonConfiguration.ActivateModal,\\tAdxstudio.Xrm\",\"Title\":[{\"$type\":\"Adxstudio.Xrm.Web.UI.WebForms.LanguageResources, Adxstudio.Xrm\",\"LCID\":1033,\"Value\":\"\"}],\"PrimaryButtonText\":[{\"$type\":\"Adxstudio.Xrm.Web.UI.WebForms.LanguageResources, Adxstudio.Xrm\",\"LCID\":1033,\"Value\":\"\"}],\"CloseButtonText\":[{\"$type\":\"Adxstudio.Xrm.Web.UI.WebForms.LanguageResources, Adxstudio.Xrm\",\"LCID\":1033,\"Value\":\"\"}],\"DismissButtonSrText\":[{\"$type\":\"Adxstudio.Xrm.Web.UI.WebForms.LanguageResources, Adxstudio.Xrm\",\"LCID\":1033,\"Value\":\"\"}],\"Size\":0,\"CssClass\":\"\",\"TitleCssClass\":\"\",\"PrimaryButtonCssClass\":\"\",\"CloseButtonCssClass\":\"\"},\"DeactivateDialog\":{\"$type\":\"Adxstudio.Xrm.Web.UI.JsonConfiguration.DeactivateModal,\\tAdxstudio.Xrm\",\"Title\":[{\"$type\":\"Adxstudio.Xrm.Web.UI.WebForms.LanguageResources, Adxstudio.Xrm\",\"LCID\":1033,\"Value\":\"\"}],\"PrimaryButtonText\":[{\"$type\":\"Adxstudio.Xrm.Web.UI.WebForms.LanguageResources, Adxstudio.Xrm\",\"LCID\":1033,\"Value\":\"\"}],\"CloseButtonText\":[{\"$type\":\"Adxstudio.Xrm.Web.UI.WebForms.LanguageResources, Adxstudio.Xrm\",\"LCID\":1033,\"Value\":\"\"}],\"DismissButtonSrText\":[{\"$type\":\"Adxstudio.Xrm.Web.UI.WebForms.LanguageResources, Adxstudio.Xrm\",\"LCID\":1033,\"Value\":\"\"}],\"Size\":0,\"CssClass\":\"\",\"TitleCssClass\":\"\",\"PrimaryButtonCssClass\":\"\",\"CloseButtonCssClass\":\"\"},\"CreateRelatedRecordDialog\":{\"$type\":\"Adxstudio.Xrm.Web.UI.JsonConfiguration.CreateRelatedRecordModal, Adxstudio.Xrm\",\"PrimaryButtonText\":[{\"$type\":\"Adxstudio.Xrm.Web.UI.WebForms.LanguageResources, Adxstudio.Xrm\",\"LCID\":1033,\"Value\":\"\"}],\"CloseButtonText\":[{\"$type\":\"Adxstudio.Xrm.Web.UI.WebForms.LanguageResources, Adxstudio.Xrm\",\"LCID\":1033,\"Value\":\"\"}],\"PrimaryButtonCssClass\":\"\",\"CloseButtonCssClass\":\"\",\"Title\":[{\"$type\":\"Adxstudio.Xrm.Web.UI.WebForms.LanguageResources, Adxstudio.Xrm\",\"LCID\":1033,\"Value\":\"\"}],\"DismissButtonSrText\":[{\"$type\":\"Adxstudio.Xrm.Web.UI.WebForms.LanguageResources, Adxstudio.Xrm\",\"LCID\":1033,\"Value\":\"\"}],\"Size\":0,\"CssClass\":\"\",\"TitleCssClass\":\"\"}}"
}</content>
  <iscustomizable>1</iscustomizable>
  <name>Campaign Portal Edit</name>
  <powerpagecomponenttype>15</powerpagecomponenttype>
  <powerpagesiteid>
    <powerpagesiteid>f33b65cb-c6dc-4fb7-bd41-304a80528ec5</powerpagesiteid>
  </powerpagesiteid>
  <statecode>0</statecode>
  <statuscode>1</statuscode>
</powerpagecomponent>