<powerpagecomponent powerpagecomponentid="a6cb68c3-a047-4628-80f9-1644c245b14c">
  <content>{"contentdisposition":756150000,"enabletracking":false,"excludefromsearch":false,"hiddenfromsitemap":false,"parentpageid":"1b27d9e9-baac-4073-b740-ded10fdedd82","partialurl":"Bar graph.png","publishingstateid":"bd64d8c8-7891-438a-aae6-778a9085930d"}</content>
  <filecontent mimetype="application/octet-stream">Bar graph.png</filecontent>
  <iscustomizable>1</iscustomizable>
  <name>Bar graph.png</name>
  <powerpagecomponenttype>3</powerpagecomponenttype>
  <powerpagesiteid>
    <powerpagesiteid>f33b65cb-c6dc-4fb7-bd41-304a80528ec5</powerpagesiteid>
  </powerpagesiteid>
  <statecode>0</statecode>
  <statuscode>1</statuscode>
</powerpagecomponent>