<powerpagecomponent powerpagecomponentid="032157e0-8b92-4453-9ad6-982b91a77801">
  <content>{
  "filecontent": null,
  "progressindicatorenabled": true,
  "multiplerecordsperuserpermitted": false,
  "progressindicatorposition": 756150000,
  "editexistingrecordpermitted": true,
  "webFormSteps": [
    "1fa2a047-5344-4db5-ae14-1d01b1d56f61",
    "0a1efcbd-152d-498a-952f-3c7b6689a58c"
  ],
  "startstep": "1fa2a047-5344-4db5-ae14-1d01b1d56f61",
  "copy": "undefined",
  "progressindicatortype": 756150000
}</content>
  <iscustomizable>1</iscustomizable>
  <name>Exec Asset MultiStep</name>
  <powerpagecomponenttype>19</powerpagecomponenttype>
  <powerpagesiteid>
    <powerpagesiteid>f33b65cb-c6dc-4fb7-bd41-304a80528ec5</powerpagesiteid>
  </powerpagesiteid>
  <statecode>0</statecode>
  <statuscode>1</statuscode>
</powerpagecomponent>