<powerpagecomponent powerpagecomponentid="2c2f4612-a1df-ef11-a730-7c1e52182fb0">
  <content>{
  "filecontent": null,
  "entitysourcetype": 100000003,
  "tabname": "tabEvaluateCampaign",
  "formname": "Portal View Add Assessment",
  "targetentitylogicalname": "mrcgvh_campaign",
  "geolocation_displaymap": false,
  "geolocation_enabled": false,
  "createautonumber": false,
  "loguser": false,
  "attachfilerestrictaccept": false,
  "attachfilerequired": false,
  "allowmultiplefiles": false,
  "attachfile": false,
  "redirecturlappendentityidquerystring": false,
  "appendquerystring": false,
  "referenceentityshowreadonlyform": false,
  "referencequerystringisprimarykey": true,
  "referenceentitysourcetype": 100000001,
  "populatereferenceentitylookupfield": false,
  "setentityreference": false,
  "hideformonsuccess": true,
  "showcaptchaforauthenticatedusers": false,
  "captcharequired": false,
  "validationsummarylinksenabled": true,
  "forceallfieldsrequired": false,
  "recommendedfieldsrequired": false,
  "showunsupportedfields": false,
  "showownerfields": false,
  "tooltipenabled": false,
  "renderwebresourcesinline": false,
  "portaluserlookupattributeisactivityparty": false,
  "associatecurrentportaluser": false,
  "autogeneratesteps": false,
  "mode": 100000001,
  "entitypermissionsenabled": true,
  "movepreviouspermitted": true,
  "type": 100000002,
  "multiplerecordsperuserpermitted": false,
  "entitysourcestep": "2c25beed-a0df-ef11-a730-7c1e52182fb0",
  "webform": "9b8f1f5f-1349-445f-8559-9e09a978abd1",
  "geolocation_maptype": 756150000,
  "editexistingrecordpermitted": false,
  "nextstep": "0e6b5c27-a1df-ef11-a730-7c1e52182fb0",
  "webFormMetadatas": [
    "5133873c-a2df-ef11-a730-7c1e52182fb0"
  ]
}</content>
  <iscustomizable>1</iscustomizable>
  <name>Step 2: Evaluate Campaign</name>
  <powerpagecomponenttype>20</powerpagecomponenttype>
  <powerpagesiteid>
    <powerpagesiteid>f33b65cb-c6dc-4fb7-bd41-304a80528ec5</powerpagesiteid>
  </powerpagesiteid>
  <statecode>0</statecode>
  <statuscode>1</statuscode>
</powerpagecomponent>