<environmentvariabledefinition schemaname="mrcgvh_SharePointLocation_ExecAsset">
  <defaultvalue>https://d365demotsce32213630.sharepoint.com/sites/PepsicoCreativeLadderRanking-Dev/mrcgvh_executionasset/</defaultvalue>
  <description default="The Execution Asset specific URL">
    <label description="The Execution Asset specific URL" languagecode="1033" />
  </description>
  <displayname default="SharePointLocation_ExecAsset">
    <label description="SharePointLocation_ExecAsset" languagecode="1033" />
  </displayname>
  <introducedversion>1.0.0.8</introducedversion>
  <iscustomizable>1</iscustomizable>
  <isrequired>0</isrequired>
  <secretstore>0</secretstore>
  <type>100000000</type>
</environmentvariabledefinition>