<powerpagecomponent powerpagecomponentid="77669544-0b91-4b6f-bc0c-618281fbf512">
  <content>{
  "targetentitylogicalname": "mrcgvh_campaign",
  "webform": "765e0494-0d3e-4bf4-b518-edf80497c498",
  "formname": "Portal Edit",
  "movepreviouspermitted": false,
  "mode": 100000002,
  "maximumnooffiles": 5,
  "attachfilestoragelocation": 756150000,
  "attachfilemaxsize": null,
  "type": 100000002,
  "validationsummarylinksenabled": true,
  "referencequerystringisprimarykey": true,
  "hideformonsuccess": true,
  "entitypermissionsenabled": true,
  "nextstep": "1511a3ba-6053-49b3-811d-986010053fd6",
  "geolocation_maptype": 756150000,
  "referenceentitysourcetype": 100000001,
  "primarykeyquerystringparametername": "id",
  "entitysourcetype": 100000001,
  "tabname": "tabgeneral",
  "primarykeyattributelogicalname": "mrcgvh_campaignid"
}</content>
  <iscustomizable>1</iscustomizable>
  <name>Campaign Details</name>
  <powerpagecomponenttype>20</powerpagecomponenttype>
  <powerpagesiteid>
    <powerpagesiteid>f33b65cb-c6dc-4fb7-bd41-304a80528ec5</powerpagesiteid>
  </powerpagesiteid>
  <statecode>0</statecode>
  <statuscode>1</statuscode>
</powerpagecomponent>