<powerpagecomponent powerpagecomponentid="29c0d84e-6e7f-467c-ad71-1bf10527270f">
  <content>{
  "entityname": "PCL Campaign Assessments - Applicants",
  "entitylogicalname": "mrcgvh_campaignassessment",
  "scope": 756150000,
  "append": false,
  "appendto": false,
  "delete": false,
  "read": true,
  "create": false,
  "write": false,
  "parentrelationship": null,
  "parententitypermission": null,
  "contactrelationship": null,
  "accountrelationship": null,
  "childTablePermissions": [],
  "adx_entitypermission_webrole": [
    "3a4c51d6-079b-ef11-8a69-7c1e525ae302"
  ]
}</content>
  <iscustomizable>1</iscustomizable>
  <name>PCL Campaign Assessments - Applicants</name>
  <powerpagecomponenttype>18</powerpagecomponenttype>
  <powerpagesiteid>
    <powerpagesiteid>f33b65cb-c6dc-4fb7-bd41-304a80528ec5</powerpagesiteid>
  </powerpagesiteid>
  <statecode>0</statecode>
  <statuscode>1</statuscode>
</powerpagecomponent>