<powerpagecomponent powerpagecomponentid="20e30489-805a-33bf-5a0c-95adf330a04b">
  <content>{
  "filecontent": null,
  "displayorder": 22,
  "customcss": "",
  "customjavascript": "",
  "pagetemplateid": "8cec361b-45c9-ef11-b8e8-7c1e525ae302",
  "parentpageid": "1b27d9e9-baac-4073-b740-ded10fdedd82",
  "partialurl": "All-My-Assessments",
  "isroot": false,
  "rootwebpageid": "bc862615-c40e-c103-287e-cfe8cf5909d3",
  "title": "All My Assessments",
  "summary": "&lt;p&gt;This is a sample landing page designed to be a starting point for your website&lt;/p&gt;",
  "copy": "&lt;div class=\"row sectionBlockLayout text-start\" style=\"display: flex; flex-wrap: wrap; margin: 0px; min-height: auto; padding: 8px;\"&gt;\n  &lt;div class=\"container\" style=\"padding: 0px; display: flex; flex-wrap: wrap;\"&gt;\n    &lt;div class=\"col-lg-12 columnBlockLayout\" style=\"flex-grow: 1; display: flex; flex-direction: column; min-width: 250px;\"&gt;\n      &lt;p style=\"text-align: center; background-color: rgba(0, 0, 0, 0.05);\"&gt;Campaigns Pending Evaluation&lt;/p&gt;\n      {% include 'entity_list' key: 'Evaluator Campaigns Long - Not Assessed - Portal List' %}\n    &lt;/div&gt;\n  &lt;/div&gt;\n&lt;/div&gt;\n&lt;div class=\"row sectionBlockLayout text-start\" style=\"display: flex; flex-wrap: wrap; margin: 0px; min-height: auto; padding: 8px;\"&gt;\n  &lt;div class=\"container\" style=\"display: flex; flex-wrap: wrap;\"&gt;\n    &lt;div class=\"col-lg-12 columnBlockLayout\" style=\"flex-grow: 1; display: flex; flex-direction: column; min-width: 250px; padding: 16px; margin: 60px 0px;\"&gt;\n      &lt;p style=\"text-align: center; background-color: rgba(0, 0, 0, 0.05);\"&gt;Evaluated Campaigns&amp;nbsp;&lt;/p&gt;\n      {% include 'entity_list' key: 'Evaluator Campaigns Long - Assessed - Portal List' %}\n    &lt;/div&gt;\n  &lt;/div&gt;\n&lt;/div&gt;\n",
  "publishingstateid": "bd64d8c8-7891-438a-aae6-778a9085930d",
  "enablerating": false,
  "enabletracking": false,
  "excludefromsearch": false,
  "hiddenfromsitemap": true,
  "sharedpageconfiguration": false
}</content>
  <iscustomizable>1</iscustomizable>
  <name>All My Assessments</name>
  <powerpagecomponenttype>2</powerpagecomponenttype>
  <powerpagesiteid>
    <powerpagesiteid>f33b65cb-c6dc-4fb7-bd41-304a80528ec5</powerpagesiteid>
  </powerpagesiteid>
  <powerpagesitelanguageid>
    <powerpagesitelanguageid>6d6b14b9-6818-440b-8372-ef7a4ea533ce</powerpagesitelanguageid>
  </powerpagesitelanguageid>
  <searchcontent>All My Assessments&lt;div class="row sectionBlockLayout text-start" style="display: flex; flex-wrap: wrap; margin: 0px; min-height: auto; padding: 8px;"&gt;
  &lt;div class="container" style="padding: 0px; display: flex; flex-wrap: wrap;"&gt;
    &lt;div class="col-lg-12 columnBlockLayout" style="flex-grow: 1; display: flex; flex-direction: column; min-width: 250px;"&gt;
      &lt;p style="text-align: center; background-color: rgba(0, 0, 0, 0.05);"&gt;Campaigns Pending Evaluation&lt;/p&gt;
      {% include 'entity_list' key: 'Evaluator Campaigns Long - Not Assessed - Portal List' %}
    &lt;/div&gt;
  &lt;/div&gt;
&lt;/div&gt;
&lt;div class="row sectionBlockLayout text-start" style="display: flex; flex-wrap: wrap; margin: 0px; min-height: auto; padding: 8px;"&gt;
  &lt;div class="container" style="display: flex; flex-wrap: wrap;"&gt;
    &lt;div class="col-lg-12 columnBlockLayout" style="flex-grow: 1; display: flex; flex-direction: column; min-width: 250px; padding: 16px; margin: 60px 0px;"&gt;
      &lt;p style="text-align: center; background-color: rgba(0, 0, 0, 0.05);"&gt;Evaluated Campaigns&amp;nbsp;&lt;/p&gt;
      {% include 'entity_list' key: 'Evaluator Campaigns Long - Assessed - Portal List' %}
    &lt;/div&gt;
  &lt;/div&gt;
&lt;/div&gt;
All My Assessments</searchcontent>
  <statecode>0</statecode>
  <statuscode>1</statuscode>
</powerpagecomponent>