<powerpagecomponent powerpagecomponentid="67e132ac-aed9-ef11-a730-7c1e521a5bc4">
  <content>{
  "attributelogicalname": "mrcgvh_didyoutestdigital",
  "controlstyle": 756150001,
  "type": 100000000,
  "fieldisrequired": false,
  "useattributedescriptionproperty": true,
  "descriptionposition": 100000000,
  "adddescription": false,
  "setvalueonsave": false,
  "ignoredefaultvalue": false,
  "randomizeoptionsetvalues": false,
  "entityform": "2ecd8344-2b3c-449d-a05a-beb2afb2789a"
}</content>
  <iscustomizable>1</iscustomizable>
  <name>Campaign Portal View mrcgvh_didyoutestdigital</name>
  <powerpagecomponenttype>16</powerpagecomponenttype>
  <powerpagesiteid>
    <powerpagesiteid>f33b65cb-c6dc-4fb7-bd41-304a80528ec5</powerpagesiteid>
  </powerpagesiteid>
  <statecode>0</statecode>
  <statuscode>1</statuscode>
</powerpagecomponent>