<powerpagecomponent powerpagecomponentid="29e5f075-4ccd-ef11-b8e8-7c1e525ae302">
  <content>{
  "validationregularexpressionerrormessage": "[{\"LCID\":1033,\"Value\":\"The Id must be 5 characters long.\"}]",
  "validationregularexpression": "^.{5}$",
  "attributelogicalname": "mrcgvh_adaorderiddigitalid",
  "type": 100000000,
  "fieldisrequired": false,
  "useattributedescriptionproperty": true,
  "descriptionposition": 100000000,
  "adddescription": false,
  "setvalueonsave": false,
  "ignoredefaultvalue": false,
  "randomizeoptionsetvalues": false,
  "entityform": "378eeabf-1b02-49eb-af75-6d2875c259ea",
  "entityformforcreate": "378eeabf-1b02-49eb-af75-6d2875c259ea"
}</content>
  <iscustomizable>1</iscustomizable>
  <name>Ada Order Id Digital New mrcgvh_adaorderiddigitalid</name>
  <powerpagecomponenttype>16</powerpagecomponenttype>
  <powerpagesiteid>
    <powerpagesiteid>f33b65cb-c6dc-4fb7-bd41-304a80528ec5</powerpagesiteid>
  </powerpagesiteid>
  <statecode>0</statecode>
  <statuscode>1</statuscode>
</powerpagecomponent>