<powerpagecomponent powerpagecomponentid="708adc36-6bc1-ef11-b8e8-7c1e525ae302">
  <content>{
  "description": "Returning visitors who provided an email address when they registered can request a password reset token to be sent to their email account. A reset token allows its owner to choose a new password. The token can also be abandoned, leaving the user's original password unchanged.\n\nRelated site settings:\n\nAuthentication/Registration/ResetPasswordEnabled\nAuthentication/Registration/ResetPasswordRequiresConfirmedEmail\nRelated process: Send a password reset to a contact\n\nThe visitor provides an email address.\nSubmit the email address to start the process.\nThe visitor is prompted to check email.\nThe visitor receives the password reset email with instructions.\nThe visitor returns to the reset form and selects a new password.\nThe password reset is complete.",
  "value": "False"
}</content>
  <iscustomizable>1</iscustomizable>
  <name>Authentication/Registration/ResetPasswordRequiresConfirmedEmail</name>
  <powerpagecomponenttype>9</powerpagecomponenttype>
  <powerpagesiteid>
    <powerpagesiteid>f33b65cb-c6dc-4fb7-bd41-304a80528ec5</powerpagesiteid>
  </powerpagesiteid>
  <statecode>0</statecode>
  <statuscode>1</statuscode>
</powerpagecomponent>