{
  "properties": {
    "connectionReferences": {
      "shared_sharepointonline": {
        "runtimeSource": "embedded",
        "connection": {
          "connectionReferenceLogicalName": "mrcgvh_sharedsharepointonline_59e6d"
        },
        "api": {
          "name": "shared_sharepointonline"
        }
      },
      "shared_commondataserviceforapps": {
        "runtimeSource": "embedded",
        "connection": {
          "connectionReferenceLogicalName": "mrcgvh_sharedcommondataserviceforapps_f75e2"
        },
        "api": {
          "name": "shared_commondataserviceforapps"
        }
      }
    },
    "definition": {
      "$schema": "https://schema.management.azure.com/providers/Microsoft.Logic/schemas/2016-06-01/workflowdefinition.json#",
      "contentVersion": "1.0.0.0",
      "parameters": {
        "$connections": {
          "defaultValue": {},
          "type": "Object"
        },
        "$authentication": {
          "defaultValue": {},
          "type": "SecureObject"
        }
      },
      "triggers": {
        "When_a_file_is_created_(properties_only)": {
          "recurrence": {
            "interval": 1,
            "frequency": "Minute"
          },
          "splitOn": "@triggerOutputs()?['body/value']",
          "metadata": {
            "operationMetadataId": "14f3d6e4-df9c-48b0-a128-ee1b7a8c5f9b"
          },
          "type": "OpenApiConnection",
          "inputs": {
            "host": {
              "connectionName": "shared_sharepointonline",
              "operationId": "GetOnNewFileItems",
              "apiId": "/providers/Microsoft.PowerApps/apis/shared_sharepointonline"
            },
            "parameters": {
              "dataset": "https://d365demotsce32213630.sharepoint.com/sites/PepsicoCreativeLadderRanking-Dev",
              "table": "7a3b5a86-d087-480a-bb20-18a40023bb4e"
            },
            "authentication": "@parameters('$authentication')"
          }
        }
      },
      "actions": {
        "If_Is_File_(Not_Folder)": {
          "actions": {
            "List_rows_Document_Locations": {
              "runAfter": {
                "Compose_folderNameOnlyNoSlash": [
                  "Succeeded"
                ]
              },
              "metadata": {
                "operationMetadataId": "650106d4-beaa-4a2f-a920-d76f24bdcc5d"
              },
              "type": "OpenApiConnection",
              "inputs": {
                "host": {
                  "connectionName": "shared_commondataserviceforapps",
                  "operationId": "ListRecords",
                  "apiId": "/providers/Microsoft.PowerApps/apis/shared_commondataserviceforapps"
                },
                "parameters": {
                  "entityName": "sharepointdocumentlocations",
                  "$filter": "relativeurl eq '@{outputs('Compose_folderNameOnlyNoSlash')}'",
                  "$top": 1
                },
                "authentication": "@parameters('$authentication')"
              }
            },
            "Apply_to_first_Document_Location": {
              "foreach": "@outputs('List_rows_Document_Locations')?['body/value']",
              "actions": {
                "Update_a_row_ExecAsset.FileUrl": {
                  "runAfter": {},
                  "metadata": {
                    "operationMetadataId": "c286e17f-f8e7-4e43-abe4-23da9ad7c2d0"
                  },
                  "type": "OpenApiConnection",
                  "inputs": {
                    "host": {
                      "connectionName": "shared_commondataserviceforapps",
                      "operationId": "UpdateOnlyRecord",
                      "apiId": "/providers/Microsoft.PowerApps/apis/shared_commondataserviceforapps"
                    },
                    "parameters": {
                      "entityName": "mrcgvh_executionassets",
                      "recordId": "@items('Apply_to_first_Document_Location')?['_regardingobjectid_value']",
                      "item/mrcgvh_fileurl": "@triggerOutputs()?['body/{Link}']"
                    },
                    "authentication": "@parameters('$authentication')"
                  }
                }
              },
              "runAfter": {
                "List_rows_Document_Locations": [
                  "Succeeded"
                ]
              },
              "metadata": {
                "operationMetadataId": "5f148a82-05fb-42db-95a7-a30ea1cad1ea"
              },
              "type": "Foreach"
            },
            "Compose_Folder_path": {
              "runAfter": {},
              "metadata": {
                "operationMetadataId": "0294216e-7b17-4049-b342-57324286f4a4"
              },
              "type": "Compose",
              "inputs": "@triggerOutputs()?['body/{Path}']"
            },
            "Compose_2_Full_Path": {
              "runAfter": {
                "Compose_Folder_path": [
                  "Succeeded"
                ]
              },
              "metadata": {
                "operationMetadataId": "fffe57b0-875e-45ad-bdd7-fa28867ee1b6"
              },
              "type": "Compose",
              "inputs": "@triggerOutputs()?['body/{FullPath}']"
            },
            "Compose_folderNameOnlyWithSlash": {
              "runAfter": {
                "Compose_2_Full_Path": [
                  "Succeeded"
                ]
              },
              "metadata": {
                "operationMetadataId": "076feaa6-f390-4d75-b6ab-59ad2028f626"
              },
              "type": "Compose",
              "inputs": "@substring(variables('FolderRelativePath'), add(indexOf(variables('FolderRelativePath'), '/'),1))"
            },
            "Compose_folderNameOnlyNoSlash": {
              "runAfter": {
                "Compose_folderNameOnlyWithSlash": [
                  "Succeeded"
                ]
              },
              "metadata": {
                "operationMetadataId": "375c211b-3d53-4a2f-9d97-5d67981eb5ae"
              },
              "type": "Compose",
              "inputs": "@substring(outputs('Compose_folderNameOnlyWithSlash'), 0, add(length(outputs('Compose_folderNameOnlyWithSlash')),-1))"
            }
          },
          "runAfter": {
            "Initialize_variable_FolderRelativePath": [
              "Succeeded"
            ]
          },
          "else": {
            "actions": {
              "Terminate": {
                "runAfter": {},
                "metadata": {
                  "operationMetadataId": "915dce9c-95c9-4fe9-abc4-6486f53a59ba"
                },
                "type": "Terminate",
                "inputs": {
                  "runStatus": "Failed"
                }
              }
            }
          },
          "expression": {
            "and": [
              {
                "equals": [
                  "@triggerBody()?['{IsFolder}']",
                  false
                ]
              }
            ]
          },
          "metadata": {
            "operationMetadataId": "b7fbd1b6-82ee-426d-b762-473735492962"
          },
          "type": "If",
          "description": "Check if the created item is not a folder"
        },
        "Initialize_variable_FolderRelativePath": {
          "runAfter": {},
          "metadata": {
            "operationMetadataId": "35166e37-09e7-402a-8d83-8b9486a6b7dc"
          },
          "type": "InitializeVariable",
          "inputs": {
            "variables": [
              {
                "name": "FolderRelativePath",
                "type": "string",
                "value": "@triggerOutputs()?['body/{Path}']"
              }
            ]
          }
        }
      },
      "outputs": {}
    },
    "templateName": ""
  },
  "schemaVersion": "1.0.0.0"
}