<powerpagecomponent powerpagecomponentid="5e1607ac-80e2-ef11-a730-7c1e52182fb0">
  <content>{
  "targetentityportaluserlookupattribute": "mrcgvh_portalcontactowner",
  "tabname": "tabgeneral",
  "formname": "Camp Assess Portal New",
  "targetentitylogicalname": "mrcgvh_campaignassessment",
  "geolocation_displaymap": false,
  "geolocation_enabled": false,
  "createautonumber": false,
  "loguser": false,
  "attachfilerestrictaccept": false,
  "attachfilerequired": false,
  "allowmultiplefiles": false,
  "attachfile": false,
  "redirecturlappendentityidquerystring": false,
  "appendquerystring": false,
  "referenceentityshowreadonlyform": false,
  "referencequerystringisprimarykey": true,
  "referenceentitysourcetype": 100000001,
  "populatereferenceentitylookupfield": false,
  "setentityreference": false,
  "hideformonsuccess": true,
  "showcaptchaforauthenticatedusers": false,
  "captcharequired": false,
  "validationsummarylinksenabled": true,
  "forceallfieldsrequired": false,
  "recommendedfieldsrequired": false,
  "showunsupportedfields": false,
  "showownerfields": false,
  "tooltipenabled": false,
  "renderwebresourcesinline": false,
  "portaluserlookupattributeisactivityparty": false,
  "associatecurrentportaluser": true,
  "autogeneratesteps": false,
  "mode": 100000000,
  "entitypermissionsenabled": true,
  "movepreviouspermitted": true,
  "type": 100000002,
  "editexistingrecordpermitted": false,
  "webform": "9b8f1f5f-1349-445f-8559-9e09a978abd1",
  "multiplerecordsperuserpermitted": false,
  "geolocation_maptype": 756150000,
  "nextstep": "0e6b5c27-a1df-ef11-a730-7c1e52182fb0",
  "registerstartupscript": "$(document).ready(function() {\r\n\t// first hide the campaign lookup : Find the label element by its ID\r\n\tconst labelElement = document.getElementById(\"mrcgvh_campaign_name\");\r\n\tif (labelElement) {\r\n\t\t// Find the parent div with class \"table-info required\"\r\n\t\tlet parentDiv = labelElement.closest(\".input-group\");\r\n\t\tif (parentDiv) {\r\n\t\t\tparentDiv.style.display = \"none\"; // Hide the parent div\r\n\t\t}\r\n\t};\r\n\t// also hide the label\r\n\tdocument.getElementById(\"mrcgvh_campaign_label\").style.display = \"none\";\r\n\r\n\r\n\t// get the campaign record\r\n\t{% assign parentCampaignRecord = entities['mrcgvh_campaign'][request.params.id] %}\r\n\t\r\n\tdebugger;\r\n\t// then set the campaign lookup\r\n\t$(\"#mrcgvh_campaign_name\").attr(\"value\", \" {{ parentCampaignRecord.mrcgvh_campaignname }} \");\r\n\t$(\"#mrcgvh_campaign\").attr(\"value\", \"{{ parentCampaignRecord.id }}\");\r\n\t$(\"#mrcgvh_campaign_entityname\").attr(\"value\", \"mrcgvh_campaign\");\r\n\r\n});"
}</content>
  <iscustomizable>1</iscustomizable>
  <name>Step 2: Assess Campaign</name>
  <powerpagecomponenttype>20</powerpagecomponenttype>
  <powerpagesiteid>
    <powerpagesiteid>f33b65cb-c6dc-4fb7-bd41-304a80528ec5</powerpagesiteid>
  </powerpagesiteid>
  <statecode>0</statecode>
  <statuscode>1</statuscode>
</powerpagecomponent>