<powerpagecomponent powerpagecomponentid="3a4c51d6-079b-ef11-8a69-7c1e525ae302">
  <content>{
  "anonymoususersrole": false,
  "authenticatedusersrole": false
}</content>
  <iscustomizable>1</iscustomizable>
  <name>PCL Campaign Applicants</name>
  <powerpagecomponenttype>11</powerpagecomponenttype>
  <powerpagesiteid>
    <powerpagesiteid>f33b65cb-c6dc-4fb7-bd41-304a80528ec5</powerpagesiteid>
  </powerpagesiteid>
  <statecode>0</statecode>
  <statuscode>1</statuscode>
</powerpagecomponent>